,0,1,2
0,Impact America,82,3
1,Four Corners Ministries,85,3
2,Mobile Symphony Orchestra,89,3
3,Big Oak Ranch,93,4
4,Community Foundation of Greater Huntsville,96,4
5,Tigers Unlimited Foundation,85,3
6,Neverthirst,97,4
7,Mises Institute,97,4
8,Jones Valley Teaching Farm,85,3
9,Children's Harbor,85,3
10,McWane Science Center,89,3
11,Red Mountain Theatre Company,89,3
12,Evangelism Missions Inc.,43,0
13,Birmingham Zoo,100,4
14,People for Care and Learning,70,2
15,"Boy Scouts of America, Black Warrior Council",81,3
16,Girl Scouts of North-Central Alabama,96,4
17,United Way of Central Alabama,100,4
18,Boys & Girls Clubs of Central Alabama,100,4
19,"Boy Scouts of America, Greater Alabama Council",85,3
20,Tukabatchee Area Council Boy Scouts of America,66,1
21,United Methodist Children's Home,100,4
22,Presbyterian Home for Children,85,3
23,United Ability,96,4
24,United Way of West Alabama,85,3
25,River Region United Way,100,4
26,Covenant House Alaska,100,4
27,Fairbanks Rescue Mission,70,2
28,United Way of Anchorage,100,4
29,Missionary Aviation Repair Center,66,1
30,Catholic Social Services of Anchorage,96,4
31,Iditarod Trail Committee,89,3
32,Alaska Conservation Foundation,100,4
33,Southeast Alaska Conservation Council,100,4
34,The Tundra Women's Coalition,86,3
35,Bean's Cafe,93,4
36,Food Bank of Alaska,96,4
37,Fairbanks Community Food Bank Service,92,4
38,Koahnic Broadcast Corporation,97,4
39,Habitat for Humanity Anchorage,85,3
40,Victory Ministries of Alaska,71,2
41,"Arctic Barnabas Ministries, Inc.",74,2
42,United Way of the Tanana Valley,89,3
43,Trustees for Alaska,93,4
44,Friends of Public Radio Arizona,88,3
45,Ryan House,100,4
46,Esperança,100,4
47,Arizona Animal Welfare League & SPCA,92,4
48,Arizona Opera,89,3
49,100 Club of Arizona,100,4
50,St. Mary's Food Bank Alliance,97,4
51,Langham Partnership,97,4
52,Camp Soaring Eagle Foundation,40,0
53,Homeless Youth Connection,96,4
54,Center for Biological Diversity ,97,4
55,Southwest Autism Research & Resource Center,100,4
56,Make Way for Books,93,4
57,Family Life Broadcasting System,97,4
58,Feeding America's Hungry Children,81,3
59,Hope 4 Kids International,100,4
60,Desert Foothills Library Association,88,3
61,Community Food Bank of Southern Arizona,100,4
62,TheatreSquared,77,2
63,Mid-America Science Museum,96,4
64,Ron Hutchcraft Ministries,93,4
65,IHCF African Christian Hospitals,81,3
66,"Boy Scouts of America, Quapaw Area Council",85,3
67,Heifer International,97,4
68,Food Bank of North Central Arkansas,92,4
69,Health Talents International,88,3
70,"Boy Scouts of America, Westark Area Council",85,3
71,United Way of Southeast Arkansas,58,1
72,Donald W. Reynolds Boys & Girls Club,81,3
73,Camp Aldersgate,81,3
74,Arkansas Baptist Children's Homes and Family Ministries,93,4
75,United Way of Northwest Arkansas,96,4
76,United Way of Fort Smith Area,85,3
77,"Union Rescue Mission, Little Rock",78,2
78,"Children's Homes, Inc.",85,3
79,Museum of Discovery,85,3
80,Lifeword Media Ministries,58,1
81,Humane Society of Pulaski County,100,4
82,Mays Mission for the Handicapped,75,2
83,Arkansas Sheriffs' Youth Ranches,93,4
84,Arkansas Repertory Theatre Company,89,3
85,Ronald McDonald House Charities of Arkansas,92,4
86,Razorback Foundation,89,3
87,Arkansas Foodbank,92,4
88,Student Mobilization,78,2
89,"Our House, Arkansas",100,4
90,Arkansas Special Olympics,93,4
91,Northwest Arkansas Food Bank,77,2
92,Arkansas Single Parent Scholarship Fund Program,89,3
93,Truth for Today World Mission School,74,2
94,San Diego River Park Foundation,97,4
95,StandWithUs,89,3
96,The Akshaya Patra Foundation USA,96,4
97,The San Francisco Foundation,96,4
98,Alliance for California Traditional Arts,89,3
99,Out & Equal Workplace Advocates,96,4
100,City of Hope,94,4
101,Family Independence Initiative,84,3
102,Urgent Action Fund for Women's Human Rights ,96,4
103,Electronic Frontier Foundation,100,4
104,HOPE worldwide,96,4
105,Creative Commons,70,2
106,ENLACE USA,74,2
107,826 Valencia,96,4
108,Transgender Law Center,100,4
109,Return to Freedom,85,3
110,KickStart International,96,4
111,Coalition to Abolish Slavery and Trafficking (Cast),96,4
112,National Center for Science Education,92,4
113,Castleton Ranch Horse Rescue Inc.,82,3
114,Fogarty Institute for Innovation,89,3
115,Food First,85,3
116,Centre Pompidou Foundation,85,3
117,Covenant House California,100,4
118,American Friends of Neve Shalom/Wahat al-Salam,100,4
119,Robert Toigo Foundation,97,4
120,Just Detention International,100,4
121,ZOE International,85,3
122,Teddy Bear Cancer Foundation,100,4
123,Will Rogers Motion Picture Pioneers Foundation,100,4
124,Wikimedia Foundation,100,4
125,Warrior Foundation Freedom Station,100,4
126,Mozilla Foundation,96,4
127,Operation Gratitude,100,4
128,ECOLIFE Conservation,88,3
129,Kokua Hawai?i Foundation,54,0
130,Campaign for College Opportunity,81,3
131,One Heart Worldwide,89,3
132,"TGR Foundation, A Tiger Woods Charity",93,4
133,Cambodian Children's Fund,100,4
134,Soil Born Farms Urban Agriculture & Education Project,74,2
135,Global Solutions for Infectious Diseases,47,0
136,St. Baldrick's Foundation,100,4
137,ShareWell,93,4
138,Voice of San Diego,77,2
139,Los Angeles Ballet,81,3
140,Generation Rescue,52,0
141,Tipping Point Community,92,4
142,Institute for Middle East Understanding,81,3
143,Lazarex Cancer Foundation,92,4
144,Turtle Conservancy,88,3
145,Mujeres Unidas Y Activas,85,3
146,Support The Enlisted Project (STEP),100,4
147,Courage Worldwide,74,2
148,Jewish World Watch,100,4
149,Asylum Access,96,4
150,WildAid,100,4
151,Good Neighbors USA,89,3
152,Jacobs & Cushman San Diego Food Bank,96,4
153,GO2 Foundation for Lung Cancer,100,4
154,LA Promise Fund,97,4
155,Global Heritage Fund,100,4
156,Living Goods,89,3
157,Silicon Valley Education Foundation,100,4
158,Foundation for Animal Care and Education,65,1
159,Genders & Sexualities Alliance Network,89,3
160,Just in Time for Foster Youth,100,4
161,Not For Sale,92,4
162,Abandoned Children's Fund,63,1
163,Sentinels of Freedom Scholarship Foundation,89,3
164,Messianic Jewish Bible Society,40,0
165,No Barriers USA,85,3
166,United States Olympic Committee,92,4
167,American Alpine Club,96,4
168,Environment America Research and Policy Center,85,3
169,US Bobsled and Skeleton Federation,96,4
170,Nurse-Family Partnership,93,4
171,The Cable Center,89,3
172,Davis Phinney Foundation,100,4
173,Book Trust,100,4
174,SECOR,66,1
175,PeopleForBikes,66,1
176,Roundup River Ranch,100,4
177,The Phoenix,86,3
178,Animal Friends Alliance,100,4
179,Denver Scholarship Foundation,92,4
180,Vail Veterans Foundation,89,3
181,Conservation Lands Foundation,96,4
182,Association of Waldorf Schools of North America,89,3
183,Green Corps,85,3
184,Development Associates International,100,4
185,High Country News,96,4
186,The Action Center,100,4
187,Aspen Center for Environmental Studies,93,4
188,United Way of Southwest Colorado,96,4
189,Big Brothers Big Sisters of Colorado,89,3
190,Anderson Ranch Arts Center,96,4
191,WILD Foundation,96,4
192,Pro Athletes Outreach,59,1
193,National Mill Dog Rescue,100,4
194,Project Sanctuary,96,4
195,Colorado Education Initiative,89,3
196,LiveWell Colorado,86,3
197,Alliance for Climate Education,96,4
198,Optometry Giving Sight,62,1
199,FORGE,97,4
200,Family Resource Center Association,96,4
201,Children's HopeChest,100,4
202,World Orphans,96,4
203,Western Conservation Foundation,67,1
204,Build Change,92,4
205,Youth for Christ USA,100,4
206,Compassion International,96,4
207,Bibles For The World,93,4
208,National Wheelchair Basketball Association,96,4
209,Paraclete Mission Group,100,4
210,God's Littlest Angels,96,4
211,IDEAS,82,3
212,Officers' Christian Fellowship,92,4
213,The Alliance Center,89,3
214,Adventure Unlimited,90,4
215,Healing Waters International,93,4
216,The Food Bank of Lower Fairfield County,100,4
217,Coast Guard Foundation,97,4
218,Ronald McDonald Charities of Connecticut and Western Massachusetts Inc,96,4
219,The ALS Association Connecticut Chapter,100,4
220,Planned Parenthood of Southern New England,89,3
221,Mattatuck Museum,100,4
222,Hartford Symphony Orchestra,89,3
223,United Way of Western Connecticut,100,4
224,The Greenwich United Way,100,4
225,"Catholic Charities, Diocese of Norwich",97,4
226,Fairfield Museum and History Center,100,4
227,The United Way of Greater Waterbury,100,4
228,United Way of Central and Northeastern Connecticut,100,4
229,Boys & Girls Club of Greenwich,100,4
230,"The Federation, Jewish Communities of Western Connecticut",78,2
231,United Way of Greater New Haven,100,4
232,"Boy Scouts of America, Connecticut Yankee Council",92,4
233,Boys & Girls Club of Stamford,96,4
234,Yale-China Association,89,3
235,Jewish Federation of Greater New Haven,93,4
236,Wadsworth Atheneum,89,3
237,Mystic Seaport Museum,86,3
238,Connecticut Association for Human Services,96,4
239,United Way of West Central Connecticut,96,4
240,Connecticut Audubon Society,100,4
241,Jewish Federation of Greater Hartford,96,4
242,Channel 3 Kids Camp,74,2
243,The Bushnell,89,3
244,Wakeman Boys & Girls Club,93,4
245,Middlesex United Way,93,4
246,"Junior Achievement of Southwest New England, Inc.",89,3
247,Connecticut Humane Society,100,4
248,The Mark Twain House & Museum,89,3
249,Ridgefield Library Association,81,3
250,Hartford Foundation for Public Giving,100,4
251,Save the Children,97,4
252,Earthplace,100,4
253,Connecticut Public Broadcasting,90,4
254,United Way of Southeastern Connecticut,93,4
255,Connecticut Landmarks,89,3
256,Hartford Stage,89,3
257,"Christian Community Action, Connecticut",86,3
258,Valley United Way,85,3
259,Nutmeg Big Brothers Big Sisters,100,4
260,The Carver Foundation of Norwalk,100,4
261,United Way of Coastal Fairfield County,96,4
262,"FOCUS (Fellowship of Christians in Universities and Schools, Inc.)",100,4
263,Denison Pequotsepos Nature Center,77,2
264,"United Jewish Federation of Greater Stamford, New Canaan and Darien",89,3
265,Our Piece of the Pie,96,4
266,Connecticut Legal Services,96,4
267,Women's Center of Greater Danbury,85,3
268,"High Hopes Therapeutic Riding, Inc.",100,4
269,Save the Sound,100,4
270,Federation for Jewish Philanthropy of Upper Fairfield County,100,4
271,Americares,97,4
272,Kids In Crisis,89,3
273,Life-Study Fellowship,36,0
274,Riverfront Recapture,96,4
275,Stamford Center for the Arts,89,3
276,Warner Theatre,85,3
277,The Cornelia de Lange Syndrome Foundation,96,4
278,Connecticut Food Bank,97,4
279,Community Foundation of Eastern Connecticut,96,4
280,Jewish Family Service of Stamford,100,4
281,Haitian Health Foundation,100,4
282,Pacific House,96,4
283,The Hole in the Wall Gang Fund,96,4
284,Habitat for Humanity of New Haven Inc,100,4
285,Habitat for Humanity of Southeastern Connecticut Inc,100,4
286,Connecticut Cancer Foundation,100,4
287,Hartford Area Habitat for Humanity,100,4
288,Operation Fuel,97,4
289,SoundWaters,96,4
290,Gifts of Love,89,3
291,The Connecticut Forum,89,3
292,United States Coast Guard Academy Alumni Association,94,4
293,Bridgeport Rescue Mission,100,4
294,New Britain Museum of American Art,89,3
295,Person-to-Person,100,4
296,Connecticut Voices for Children,93,4
297,"ECAD, Educated Canines Assisting with Disabilities",96,4
298,REACH Prep,93,4
299,International Festival of Arts & Ideas,89,3
300,Community Crusade for Children,56,1
301,Breast Cancer Alliance,96,4
302,Horizons National,100,4
303,Community Foundation of Middlesex County,89,3
304,The Multiple Myeloma Research Foundation,100,4
305,Mill River Park Collaborative,89,3
306,First Tee of Connecticut,74,2
307,All Our Kin,96,4
308,CAPA New Haven,85,3
309,Greenwich Library,85,3
310,Boys & Girls Clubs of Hartford,88,3
311,Connecticut Historical Society,93,4
312,Greenwich Historical Society,96,4
313,Regional YMCA of Western Connecticut,89,3
314,Fidelco Guide Dog Foundation,96,4
315,Florence Griswold Museum,89,3
316,Urban League of Greater Hartford,74,2
317,UJA Federation of Greenwich,89,3
318,Neighbor to Neighbor,100,4
319,Long Wharf Theatre,93,4
320,Stamford Symphony Orchestra,85,3
321,Keep America Beautiful,92,4
322,National Rowing Foundation,89,3
323,HonorBound Foundation,89,3
324,National Organization for Rare Disorders,100,4
325,Friends of Animals,100,4
326,Intercollegiate Studies Institute,96,4
327,Special Olympics Delaware,100,4
328,Serviam Girls Academy,73,2
329,Jewish Federation of Delaware,100,4
330,"Boy Scouts of America, Del-Mar-VA Council",85,3
331,Delaware Art Museum,93,4
332,Boys & Girls Clubs of Delaware,89,3
333,Hagley Museum and Library,93,4
334,Sunday Breakfast Mission,86,3
335,United Way of Delaware,100,4
336,Junior Achievement of Delaware,89,3
337,Delaware Humane Association,96,4
338,Delaware Museum of Natural History,97,4
339,The Grand Opera House,81,3
340,Ministry of Caring,97,4
341,Food Bank of Delaware,96,4
342,Tri-State Bird Rescue & Research,85,3
343,Habitat for Humanity of New Castle County Inc,100,4
344,Ronald McDonald House of Delaware,96,4
345,Interfaith Community Housing of Delaware,82,3
346,Reading Assist Institute,89,3
347,Faithful Friends Animal Society,88,3
348,The Delaware Symphony Orchestra,96,4
349,Delaware Nature Society,89,3
350,Council of Independent Colleges,89,3
351,Rock the Vote,66,1
352,Polaris,100,4
353,Citizens for Responsibility and Ethics in Washington,93,4
354,Educando by Worldfund,100,4
355,Salzburg Global Seminar,92,4
356,Institute on Taxation and Economic Policy,93,4
357,Center for Arms Control and Non-Proliferation,93,4
358,Families USA Foundation,89,3
359,Land Trust Alliance,96,4
360,WAND Education Fund,96,4
361,SADD - Students Against Destructive Decisions,96,4
362,EarthRights International,100,4
363,The Campaign Legal Center,100,4
364,Theodore Roosevelt Conservation Partnership,100,4
365,Sabin Vaccine Institute,100,4
366,Partnership for Public Service,93,4
367,JASS (Just Associates),89,3
368,United Palestinian Appeal,100,4
369,International Center for Journalists,100,4
370,American Psychiatric Association Foundation,93,4
371,Carnegie Endowment for International Peace,96,4
372,EngenderHealth,96,4
373,YWCA USA,89,3
374,UNCF,92,4
375,National Council of Jewish Women,93,4
376,National Immigration Forum,92,4
377,NAFSA: Association of International Educators,96,4
378,Hudson Institute,100,4
379,Paralyzed Veterans of America,92,4
380,SIECUS,97,4
381,Robert F. Kennedy Human Rights,96,4
382,Action on Smoking and Health,100,4
383,National Coalition Supporting Eurasian Jewry,70,2
384,National Center for Learning Disabilities,93,4
385,The Philanthropy Roundtable,89,3
386,Group of Thirty,81,3
387,People For the American Way Foundation,89,3
388,World Environment Center,93,4
389,InterAction,100,4
390,Americans for Peace Now,100,4
391,Covenant House Washington,100,4
392,Asian Americans Advancing Justice - AAJC Inc.,96,4
393,Earth Day Network,86,3
394,Council for a Strong America,96,4
395,World Food Program USA,97,4
396,Foundation for Defense of Democracies,85,3
397,Friends of the National World War II Memorial,74,2
398,Animal Welfare Institute,100,4
399,SOS Children's Villages-USA,97,4
400,The Fund for American Studies,96,4
401,Active Minds,96,4
402,Excelencia in Education,89,3
403,State Voices,92,4
404,Environmental Integrity Project,100,4
405,Voto Latino,89,3
406,Securing America's Future Energy (SAFE),77,2
407,White Ribbon Alliance,96,4
408,UNRWA USA National Committee,93,4
409,J Street Education Fund,92,4
410,Oil Change International,89,3
411,Institute for Free Speech,97,4
412,ecoAmerica,92,4
413,The Sunlight Foundation,85,3
414,Clarion Project,74,2
415,Out Teach,89,3
416,Initiative for Global Development,89,3
417,Center for a New American Security,100,4
418,The Sentry,89,3
419,The National Security Archive,97,4
420,Chorus America,89,3
421,Sons of Italy Foundation,89,3
422,CLASP,100,4
423,Leadership Conference Education Fund,89,3
424,The NEA Foundation,100,4
425,Physicians for Social Responsibility,100,4
426,SOME (So Others Might Eat),100,4
427,Africare,78,2
428,Center for Science in the Public Interest,97,4
429,National Partnership for Women & Families,89,3
430,ULI Foundation,96,4
431,Federation of American Scientists,89,3
432,Food Research & Action Center,89,3
433,Ocean Conservancy,96,4
434,Judge David L. Bazelon Center for Mental Health Law,89,3
435,National Academy of Engineering Fund,89,3
436,American Rivers,97,4
437,National Family Planning & Reproductive Health Association,96,4
438,The Heritage Foundation,97,4
439,Greater Washington Community Foundation,97,4
440,Sojourners,93,4
441,Institute for Local Self-Reliance,89,3
442,The Supreme Court Historical Society,81,3
443,Friends of the Earth,93,4
444,Cato Institute,96,4
445,Education Writers Association,89,3
446,National Wildlife Refuge Association,92,4
447,Center For Consumer Freedom,81,3
448,Institute for the Study of War,89,3
449,Barbara Bush Foundation for Family Literacy,89,3
450,Autistic Self Advocacy Network,81,3
451,American Wind Wildlife Institute,89,3
452,Center for the National Interest,89,3
453,Capital Area Food Bank Foundation,97,4
454,National Skills Coalition,85,3
455,GlobalGiving,100,4
456,Center for American Progress,89,3
457,"Friends of the Global Fight Against AIDS, Tuberculosis, and Malaria",89,3
458,Muslim Advocates,96,4
459,Center for Urban Renewal and Education,67,1
460,American Youth Policy Forum,89,3
461,Common Cause Education Fund,89,3
462,Venture Philanthropy Partners,89,3
463,National College Attainment Center,89,3
464,Center for Health and Gender Equity,89,3
465,BBYO,89,3
466,Food and Water Watch,97,4
467,Franciscan Foundation for the Holy Land,93,4
468,Sixth & I,81,3
469,The American Congress of Obstetricians and Gynecologists,89,3
470,Rail Passengers Association,92,4
471,Pax Christi USA,61,1
472,Urban Libraries Council,89,3
473,The Federalist Society for Law and Public Policy Studies,89,3
474,Jamestown Foundation,82,3
475,Association for Enterprise Opportunity,89,3
476,Americans United for Life,100,4
477,United States Soccer Foundation,100,4
478,League of American Bicyclists,97,4
479,The Israel Project,82,3
480,Women's Media Center,89,3
481,Association of Performing Arts Professionals,93,4
482,Thurgood Marshall College Fund,96,4
483,National Center for Transgender Equality,93,4
484,National Abortion Federation,92,4
485,Lupus Foundation of America,96,4
486,Center for Disaster Philanthropy,89,3
487,Global Foundation for Democracy and Development,66,1
488,Humanist Foundation,97,4
489,Media Matters for America,82,3
490,Bread for the World Institute,97,4
491,Prison Fellowship International,100,4
492,Oceana,100,4
493,The Atlantic Council of the United States,93,4
494,African Wildlife Foundation,97,4
495,Institute for Policy Studies,85,3
496,AARP Foundation,97,4
497,AAA Foundation for Traffic Safety,89,3
498,United States Capitol Historical Society,97,4
499,Lawyers' Committee for Civil Rights Under Law,100,4
500,PAI,100,4
501,Neighborhood Legal Services Program,85,3
502,Anera,100,4
503,Center for Community Change,93,4
504,Special Olympics,97,4
505,Children's Defense Fund,100,4
506,Choral Arts,89,3
507,Environmental Law Institute,100,4
508,NPR,96,4
509,Community Family Life Services,89,3
510,German Marshall Fund of the US,100,4
511,Ayuda,100,4
512,Reporters Committee for Freedom of the Press,92,4
513,Reading Is Fundamental,97,4
514,Jubilee Housing,88,3
515,N Street Village,100,4
516,Alliance for Justice,100,4
517,Iona Senior Services,92,4
518,Clean Water Fund,100,4
519,National Building Museum,90,4
520,"House of Ruth, Washington, D.C.",96,4
521,Woodrow Wilson International Center for Scholars,96,4
522,Washington Legal Foundation,67,1
523,The National Italian American Foundation,93,4
524,Truman Center for National Policy,74,2
525,National Women's Health Network,93,4
526,International Center for Research on Women,93,4
527,Alliance to Save Energy,96,4
528,National Park Foundation,100,4
529,National Low Income Housing Coalition,89,3
530,NARAL Pro-Choice America Foundation,89,3
531,U.S. Navy Memorial Foundation,90,4
532,ZERO TO THREE,89,3
533,Washington Bach Consort,77,2
534,Educational Fund to Stop Gun Violence,81,3
535,Whitman-Walker Health,89,3
536,National Taxpayers Union Foundation,89,3
537,"Ronald McDonald House Charities® of Greater Washington, DC",100,4
538,FAIR Federation for American Immigration Reform,97,4
539,Studio Theatre Inc.,89,3
540,Bread for the City,97,4
541,The Ellington Fund ,89,3
542,Catholics for Choice,93,4
543,Congressional Black Caucus Foundation,66,1
544,Ethics and Public Policy Center,89,3
545,Capital Area Food Bank,97,4
546,Advocates for Youth,93,4
547,Martha's Table,100,4
548,Farmworker Justice Fund Inc.,89,3
549,National Women's Law Center,100,4
550,Religious Coalition for Reproductive Choice,88,3
551,The Woodson Center,78,2
552,Refugees International,100,4
553,National Center for Public Policy Research,82,3
554,Peterson Institute for International Economics,92,4
555,March for Life,77,2
556,"Aga Khan Foundation, USA",97,4
557,Jewish Institute for National Security of America,81,3
558,Center on Budget and Policy Priorities,89,3
559,American Forest Foundation,100,4
560,National Museum of Women in the Arts,92,4
561,National Right to Life Educational Trust Fund,66,1
562,Gay Men's Chorus of Washington D.C.,92,4
563,Washington Office on Latin America,89,3
564,Dance/USA,89,3
565,FCNL Education Fund,97,4
566,Center for the Study of Social Policy,89,3
567,World Resources Institute,100,4
568,Friends of the National Arboretum,96,4
569,My Sister's Place,97,4
570,Public Citizen Foundation,96,4
571,Environmental and Energy Study Institute,100,4
572,National Defense University Foundation,77,2
573,Business Executives for National Security,100,4
574,Center for Responsive Politics,100,4
575,Brady,97,4
576,Capital Research Center,89,3
577,National Council on US-Arab Relations,90,4
578,The Equal Rights Center,92,4
579,National Alliance to End Homelessness,100,4
580,Calvary Women's Services,100,4
581,United States Holocaust Memorial Museum,96,4
582,American Institute for Contemporary German Studies,92,4
583,Miriam's Kitchen,100,4
584,Government Accountability Project,96,4
585,Competitive Enterprise Institute,96,4
586,Beyond Pesticides,100,4
587,Christ House,96,4
588,Citizens Against Government Waste,74,2
589,Share Our Strength,97,4
590,Economic Policy Institute,89,3
591,The Washington Institute for Near East Policy,96,4
592,League of Conservation Voters Education Fund,89,3
593,National Law Enforcement Officers Memorial Fund,93,4
594,Higher Achievement,100,4
595,National Fish and Wildlife Foundation,92,4
596,Physicians Committee for Responsible Medicine,97,4
597,Shakespeare Theatre Company,89,3
598,Selous Foundation for Public Policy Research,70,2
599,Samaritan Ministry of Greater Washington,89,3
600,Rails-To-Trails Conservancy,97,4
601,Center for International Policy,96,4
602,Center for Immigration Studies,85,3
603,Committee For A Constructive Tomorrow,81,3
604,Equal Justice Works,92,4
605,The Sentencing Project,74,2
606,"Samaritan Inns, Inc.",93,4
607,Human Rights Campaign Foundation,93,4
608,Thrive DC,89,3
609,Support Our Aging Religious,81,3
610,International Labor Rights Forum,89,3
611,Youth Service America,81,3
612,The Center for Strategic and International Studies,89,3
613,FreedomWorks Foundation,88,3
614,Herbie Hancock Institute of Jazz,89,3
615,Institute for Women's Policy Research,90,4
616,American Immigration Council,96,4
617,EARTHWORKS,96,4
618,International Campaign for Tibet,97,4
619,Violence Policy Center,100,4
620,D.C. Bar Pro Bono Center,96,4
621,National Minority AIDS Council,100,4
622,D.C. Central Kitchen,100,4
623,Rebuilding Together,100,4
624,Dc Habitat for Humanity Inc,100,4
625,Mary's Center,100,4
626,Center for Individual Rights,93,4
627,Center for Security Policy,93,4
628,Armenian Assembly of America,74,2
629,The American Prospect,85,3
630,American Israel Education Foundation,78,2
631,National LGBTQ Task Force,85,3
632,Safe Kids Worldwide,100,4
633,Center for International Environmental Law (CIEL),100,4
634,National Homelessness Law Center,93,4
635,Food & Friends,97,4
636,International Women's Media Foundation,96,4
637,Environmental Investigation Agency,100,4
638,Green America,93,4
639,USA for UNHCR,100,4
640,Congressional Sportsmen's Foundation,78,2
641,World Wildlife Fund,96,4
642,Society for Women's Health Research,93,4
643,Bright Beginnings,96,4
644,The National Council for Science and the Environment,62,1
645,Solar Electric Light Fund,85,3
646,Tax Foundation,97,4
647,AIDS United,100,4
648,Academy of Hope Adult Public Charter School,89,3
649,Center for Justice and International Law,93,4
650,Project On Government Oversight,96,4
651,Families Against Mandatory Minimums Foundation,89,3
652,Center for Mind-Body Medicine,86,3
653,Faith and Politics Institute,100,4
654,Humane Society International,92,4
655,First Book,100,4
656,National Breast Cancer Coalition Fund,100,4
657,Washington Lawyers' Committee for Civil Rights and Urban Affairs,96,4
658,National Archives Foundation,94,4
659,Family Research Council,81,3
660,Alaska Wilderness League,96,4
661,Inter-American Dialogue,93,4
662,LGBTQ Victory Institute,89,3
663,Women for Women International,96,4
664,Diabetes Research and Wellness Foundation,90,4
665,The Lambi Fund of Haiti,93,4
666,Hillel: The Foundation for Jewish Campus Life,85,3
667,Center for Education Reform,89,3
668,Men's Health Network,81,3
669,United States-Indonesia Society,89,3
670,Jobs with Justice,74,2
671,Judicial Watch,74,2
672,"Rape, Abuse & Incest National Network",85,3
673,The Center for Democracy & Technology,100,4
674,DEA Educational Foundation,82,3
675,American Association of People with Disabilities,100,4
676,Center for Strategic and Budgetary Assessments,89,3
677,Pinchot Institute for Conservation,74,2
678,Urban Alliance,100,4
679,Taxpayers for Common Sense,89,3
680,International Christian Concern,100,4
681,Center for Inspired Teaching,89,3
682,Campaign for Tobacco-Free Kids,93,4
683,KABOOM!,100,4
684,Institute for America's Future,74,2
685,National Network to End Domestic Violence,89,3
686,Power to Decide,96,4
687,Marijuana Policy Project Foundation,78,2
688,Smith Center for Healing and the Arts,93,4
689,Friends of Cancer Research,92,4
690,Americans for the Arts,89,3
691,Opera Lafayette,89,3
692,Every Voice Center,67,1
693,PeerForward,100,4
694,Fonkoze USA,100,4
695,Washington Area Women's Foundation,100,4
696,Animal Outlook,78,2
697,American Center for Law and Justice - District of Columbia,51,0
698,Constitutional Accountability Center,89,3
699,The Middle East Media Research Institute,96,4
700,Cultural Landscape Foundation,81,3
701,New America,100,4
702,American Federation for Children Growth Fund,85,3
703,IMA World Health,100,4
704,Sitar Arts Center,92,4
705,District of Columbia College Access Program,89,3
706,Forest Trends,100,4
707,Capital Area Immigrants Rights Coalition,96,4
708,WomenHeart: The National Coalition for Women with Heart Disease,100,4
709,Environmental Working Group,100,4
710,Sudan Relief Fund,96,4
711,Vital Voices Global Partnership,97,4
712,Center for Food Safety,96,4
713,LIFT,97,4
714,International Association for Human Values,78,2
715,American Friends of Lubavitch,36,0
716,Center for Economic and Policy Research,89,3
717,Amazon Conservation Association,100,4
718,Electronic Privacy Information Center,96,4
719,PeacePlayers International,96,4
720,Afterschool Alliance,89,3
721,ActionAid USA,100,4
722,Migration Policy Institute,93,4
723,Youth Orchestra of the Americas,89,3
724,American Constitution Society for Law and Policy,85,3
725,ABC² (Accelerate Brain Cancer Cure),92,4
726,Public Knowledge,89,3
727,American Cancer Society Cancer Action Network Inc,97,4
728,Center for Global Development,100,4
729,AAUW - American Association of University Women,100,4
730,APhA Foundation,89,3
731,Jewish Women International,93,4
732,Washington Performing Arts Society,89,3
733,For Love of Children,96,4
734,Ford's Theatre Society,100,4
735,The Wilderness Society,97,4
736,National Council of Negro Women,77,2
737,B'nai B'rith International,93,4
738,Defenders of Wildlife,97,4
739,Americans United for Separation of Church and State,97,4
740,Society for Science & the Public,97,4
741,Carnegie Institution for Science,96,4
742,American Forests,97,4
743,American Association for the Advancement of Science,89,3
744,The Brookings Institution,100,4
745,Legal Aid Society of the District of Columbia,100,4
746,American Red Cross,100,4
747,Columbia Lighthouse for the Blind,85,3
748,Alexander Graham Bell Association for the Deaf and Hard of Hearing,93,4
749,Middle East Institute,96,4
750,The Phillips Collection,92,4
751,"Planned Parenthood of Metropolitan Washington, DC",90,4
752,Society of the Cincinnati,85,3
753,Daughters of the American Revolution,86,3
754,Smithsonian Institution,97,4
755,National Trust for Historic Preservation,97,4
756,Population Reference Bureau,92,4
757,American Enterprise Institute for Public Policy Research,89,3
758,Central Union Mission,100,4
759,Humane Rescue Alliance,93,4
760,Resources for the Future,100,4
761,National Parks Conservation Association,97,4
762,The Humane Society of the United States,96,4
763,"Little Sisters of the Poor of Washington, DC",77,2
764,Boys & Girls Clubs of Greater Washington,85,3
765,League of Women Voters Education Fund,97,4
766,National Consumers League,89,3
767,The John F. Kennedy Center for the Performing Arts,85,3
768,Arena Stage,89,3
769,National Gallery of Art,90,4
770,Junior Achievement of Greater Washington,93,4
771,Alliance for Aging Research,93,4
772,American Battlefield Trust,97,4
773,Center for Public Integrity,96,4
774,Women in Government Foundation,70,2
775,National Environmental Education Foundation,100,4
776,The Trinity Forum,96,4
777,Golisano Children's Museum of Naples,89,3
778,Florida Breast Cancer Foundation,100,4
779,Florence Fuller Child Development Foundation Inc.,93,4
780,Alaqua Animal Refuge Inc.,69,1
781,Burger King McLamore Foundation,85,3
782,American Association of Kidney Patients,92,4
783,The Shawn Carter Foundation,89,3
784,Ronald McDonald House Charities of Southwest Florida,96,4
785,Israel Cancer Association USA,92,4
786,Clothes To Kids,100,4
787,Parkinson Research Foundation,78,2
788,Cat Depot,51,0
789,Conservation Foundation of the Gulf Coast,100,4
790,ShelterBox USA,100,4
791,JAFCO,100,4
792,Ocean Research & Conservation Association,88,3
793,COPD Foundation,100,4
794,Wounded Warrior Project,97,4
795,Clinics Can Help Inc.,96,4
796,Zion's Hope,63,1
797,Firehouse Subs Public Safety Foundation,92,4
798,Take Stock in Children Palm Beach County,100,4
799,Hope Helps,93,4
800,EOD Warrior Foundation,100,4
801,Big Brothers Big Sisters of America,100,4
802,The Greater Naples YMCA,70,2
803,Boys & Girls Clubs of Palm Beach County,96,4
804,"Youth Haven, Florida",93,4
805,Air Force Enlisted Village,100,4
806,South Florida Wildlife Center,77,2
807,Sarasota Opera,89,3
808,Teen Missions International,81,3
809,Suncoast Humane Society,100,4
810,Special Olympics Florida,97,4
811,Missionary Flights International,66,1
812,St. Petersburg Free Clinic,100,4
813,International Game Fish Association,100,4
814,Clinic for the Rehabilitation of Wildlife,85,3
815,ECHO,96,4
816,Florida Sheriffs Youth Ranches,96,4
817,"Police Athletic League of Jacksonville, Inc. ",85,3
818,Florida Studio Theatre,85,3
819,Girls Inc. of Sarasota County,96,4
820,Friends of WLRN,93,4
821,Crosswinds Youth Services,97,4
822,Furkids Animal Rescue and Shelters,96,4
823,ACS Products Inc,97,4
824,Lewy Body Dementia Association,96,4
825,Atlanta Police Foundation,88,3
826,CARE,97,4
827,American Cancer Society,97,4
828,American Friends of the Israel Democracy Institute,71,2
829, United Methodist Committee on Relief of Global Ministries,93,4
830,The Southern Education Foundation,89,3
831,Boys & Girls Clubs of America,97,4
832,Foundation for Economic Education,97,4
833,The Drake House,89,3
834,Rally Foundation,100,4
835,Communities of Coastal Georgia Foundation,96,4
836,Calcutta Mercy Ministries,78,2
837,Jack and Jill Late Stage Cancer Foundation,96,4
838,The Carter Center Collaborative Inc.,100,4
839,She is Safe,82,3
840,"LEADership, Education and Development",62,1
841,The Empty Stocking Fund,93,4
842,Special Olympics Georgia,97,4
843,The Mailbox Club,96,4
844,C5 Youth Foundation of Georgia,89,3
845,Georgia Mountain Food Bank,96,4
846,Herobox,81,3
847,Broadway Dreams Foundation Corporation,81,3
848,New American Pathways,90,4
849,Pacific Buddhist Academy,89,3
850,Special Olympics Hawaii,97,4
851,Hawaii Public Radio,100,4
852,National Tropical Botanical Garden,100,4
853,Aloha Council Boy Scouts of America,89,3
854,Hawaiian Humane Society,100,4
855,Aloha United Way,100,4
856,YMCA of Honolulu,96,4
857,Honolulu Museum of Art,92,4
858,Honolulu Theatre for Youth,96,4
859,Bishop Museum,86,3
860,Hawaii Opera Theatre,96,4
861,The Institute for Human Services,93,4
862,East-West Center Foundation,89,3
863,Hawaii Foodbank,100,4
864,Make-A-Wish Foundation of Hawaii,97,4
865,Ronald McDonald House Charities of Hawaii,89,3
866,Maui Arts & Cultural Center,89,3
867,Hawaiian Islands Ministries,70,2
868,Hawaii Theatre Center,96,4
869,Japanese Cultural Center of Hawaii,96,4
870,Hawaii Community Foundation,96,4
871,National Kidney Foundation of Hawaii,93,4
872,Hawaii United Okinawa Association,70,2
873,Pacific Islanders in Communications,85,3
874,Maui Food Bank,100,4
875,PBS Hawaii,100,4
876,MA‘O Organic Farms,89,3
877,Lee Pesky Learning Center,92,4
878,The Luke Commission,78,2
879,The Peregrine Fund,100,4
880,The Sun Valley Center for the Arts,90,4
881,Special Olympics Idaho,85,3
882,The Hunger Coalition,100,4
883,"Boy Scouts of America, Grand Teton Council",70,2
884,Women's and Children's Alliance,92,4
885,Idaho Humane Society,100,4
886,Idaho Youth Ranch,100,4
887,Boy Scouts of America Mountain West Council,82,3
888,United Way of Treasure Valley,100,4
889,Mountain Humane,100,4
890,Idaho Botanical Gardens,89,3
891,Sunvalley Summer Symphony,85,3
892,Friends of Idaho Public Television,92,4
893,Idaho Foodbank,100,4
894,Swiftsure Ranch Theraputic Equestrian Center,66,1
895,Boys & Girls Clubs of Ada County,92,4
896,Higher Ground,100,4
897,Catholic Charities of Idaho,89,3
898,Idaho Conservation League,96,4
899,Wildland Firefighter Foundation,100,4
900,Ronald McDonald House Charities of Idaho,92,4
901,Dermatology Foundation,89,3
902,"American Lung Association, National Headquarters",97,4
903,Muscular Dystrophy Association,97,4
904,Alzheimer's Association,96,4
905,Alpha USA,96,4
906,Illinois Network of Charter Schools,100,4
907,Al-Furqaan Foundation,85,3
908,Pat Tillman Foundation,100,4
909,MetroSquash,89,3
910,Cradle Family Resource Centers,100,4
911,One Acre Fund,94,4
912,Operation Support Our Troops-America,100,4
913,Open Books,100,4
914,World Bicycle Relief,100,4
915,Imerman Angels,58,1
916,"Collaborative for Academic, Social, and Emotional Learning",89,3
917,Epic Academy,85,3
918,Cal's All Star Angel Foundation Inc.,89,3
919,World Sport Chicago,59,1
920,Mission Year,62,1
921,Bright Hope,100,4
922,"BUILD, Inc.",100,4
923,Special Olympics Chicago,89,3
924,Lions Clubs International Foundation,96,4
925,Illinois Valley Public Telecommunications Corporation,89,3
926,National Headache Foundation,89,3
927,Alliance For The Great Lakes,97,4
928,Hooved Animal Humane Society,100,4
929,The ARK Chicago,89,3
930,Chicago Volunteer Legal Services,96,4
931,The Conservation Foundation,100,4
932,Prevent Child Abuse America,100,4
933,American Brain Tumor Association,100,4
934,Save-A-Pet Adoption Center,96,4
935,LINK Unlimited Scholars,89,3
936,Neighborhood Housing Services of Chicago,89,3
937,Tree House Humane Society,100,4
938,Turning Pointe Autism Foundation,93,4
939,Advance Illinois,89,3
940,Foundation for Angelman Syndrome Therapeutics,89,3
941,Franklin News Foundation,75,2
942,Church World Service,97,4
943,Tony Stewart Foundation,64,1
944,SOZO International,78,2
945,The Mind Trust,93,4
946,Mission Pre-Born,81,3
947,Autism Spectrum Disorder Foundation,60,1
948,The Indianapolis Public Library Foundation,96,4
949,"Sports World, Inc.",78,2
950,FAME,96,4
951,Lake Area United Way,93,4
952,Fort Wayne Public Television,100,4
953,Middle Way House,85,3
954,International Disaster Emergency Service,100,4
955,United Way Center of Bartholomew,100,4
956,Crown Point Community Foundation,92,4
957,Northwest Indiana Public Broadcasting,89,3
958,Alternatives Incorporated of Madison County,96,4
959,"Keep Indianapolis Beautiful, Inc.",93,4
960,Trinity Broadcasting of Indiana,63,1
961,Food Finders Food Bank,89,3
962,Science Central,89,3
963,Life Centers,81,3
964,Community Harvest Food Bank of Northeast Indiana,96,4
965,Second Harvest Food Bank of East Central Indiana,93,4
966,Community Foundation of Grant County Indiana,89,3
967,Eiteljorg Museum of American Indians and Western Art,85,3
968,Kids Alive International,100,4
969,Habitat for Humanity of St Joseph County Inc,89,3
970,The Indiana Youth Institute,89,3
971,LeSea Global Feed the Hungry,93,4
972,"Water for Good, Inc.",100,4
973,Solid Rock International,100,4
974,Community Health Free Clinic,89,3
975,The Outreach Program,92,4
976,Camp Courageous of Iowa,89,3
977,United Way of the Quad Cities ,100,4
978,River Bend Foodbank,100,4
979,International Messengers,100,4
980,Greater Des Moines Botanical Garden,89,3
981,Cedar Rapids Museum of Art,74,2
982,United Way of Siouxland,100,4
983,Des Moines Art Center,89,3
984,United Way of Central Iowa,100,4
985,Animal Rescue League of Iowa,96,4
986,YMCA of Greater Des Moines,96,4
987,YMCA of the Iowa Mississippi Valley,100,4
988,Des Moines Community Playhouse,89,3
989,Cedar Valley United Way,93,4
990,The Gospel Mission,89,3
991,Jewish Federation of Greater Des Moines,89,3
992,United Way of East Central Iowa,96,4
993,United Way of Story County,100,4
994,CommUnity,85,3
995,"Mid-Iowa Council, Boy Scouts of America",89,3
996,Great Plains SPCA,96,4
997,KC Healthy Kids,74,2
998,Kansas Big Brothers Big Sisters,89,3
999,"Boy Scouts of America, Quivira Council",85,3
1000,Rolling Hills Zoo,74,2
1001,Unbound,100,4
1002,"Nazarene Compassionate Ministries, Inc.",96,4
1003,The Family Conservancy,96,4
1004,Jewish Family Services of Greater Kansas City,96,4
1005,Jewish Federation of Greater Kansas City,96,4
1006,Planned Parenthood Great Plains,82,3
1007,American Academy of Family Physicians Foundation,93,4
1008,Mercy Without Limits,89,3
1009,Kansas University Alumni Association,89,3
1010,Alumni Association of Kansas State University,89,3
1011,"Catholic Charities, Inc. - Diocese of Wichita ",93,4
1012,Capper Foundation,92,4
1013,"Boy Scouts of America, Coronado Area Council",89,3
1014,United Way of the Plains,96,4
1015,Wichita Children's Home,89,3
1016,Kansas Humane Society,100,4
1017,United Way of Greater Topeka,100,4
1018,Salina Area United Way,96,4
1019,Humane Society of Greater Kansas City,78,2
1020,Kansas 4-H Foundation,93,4
1021,Eisenhower Foundation,81,3
1022,Wichita Symphony Society,100,4
1023,Topeka Rescue Mission,100,4
1024,United Methodist Open Door,89,3
1025,Senior Services Inc. of Wichita,70,2
1026,Music Theatre of Wichita,89,3
1027,United Way of Douglas County,89,3
1028,United Way of Reno County,70,2
1029,The Land Institute,100,4
1030,High Plains Public Radio,78,2
1031,Smoky Hills Public Television,84,3
1032,Special Olympics Kansas,93,4
1033,SAFEHOME,93,4
1034,Ronald McDonald House Charities Wichita,92,4
1035,Sunflower House,100,4
1036,Salina Rescue Mission,97,4
1037,Kansas Food Bank,100,4
1038,Trees for Life,54,0
1039,Exploration Place,89,3
1040,Great Plains Christian Radio,93,4
1041,Boys & Girls Club of South Central Kansas,93,4
1042,Life In Abundance International,85,3
1043,"USA Cares, Inc.",100,4
1044,Gilda's Club Kentuckiana,96,4
1045,The Center for Courageous Kids,93,4
1046,United Way of Kentucky,85,3
1047,Dare to Care Food Bank,100,4
1048,Kentucky 4-H Foundation,88,3
1049,Blessings in A Backpack,92,4
1050,Mountain Association for Community Economic Development,96,4
1051,God's Pantry Food Bank,100,4
1052,Market House Theatre of Paducah Kentucky Inc.,81,3
1053,The Community Foundation of Louisville,96,4
1054,Ronald McDonald House Charities of Kentuckiana,88,3
1055,Fairhaven Rescue Mission,79,2
1056,Kentucky Coalition,93,4
1057,Answers in Genesis,85,3
1058,G.O. Ministries,81,3
1059,The Council of State Governments,82,3
1060,Children's Lifeline,66,1
1061,Nativity Academy at Saint Boniface,100,4
1062,DAV (Disabled American Veterans) Charitable Service Trust,100,4
1063,United Way of the Ohio Valley,88,3
1064,American Printing House For The Blind,93,4
1065,Bernheim Arboretum and Research Forest,86,3
1066,United Way of the Bluegrass,96,4
1067,Metro United Way,96,4
1068,The Filson Historical Society,89,3
1069,Lexington Humane Society,100,4
1070,Jewish Community of Louisville,89,3
1071,Louisville Urban League,92,4
1072,The Speed Art Museum,71,2
1073,YMCA of Central Kentucky,96,4
1074,The Center for Women and Families,89,3
1075,Home of the Innocents,89,3
1076,"Boy Scouts of America, Lincoln Heritage Council",77,2
1077,"Neighborhood House, Louisville",88,3
1078,The Cabbage Patch Settlement House,100,4
1079,The Kentucky United Methodist Homes for Children & Youth,89,3
1080,Potter Children's Home & Family Ministries,81,3
1081,Kentucky Humane Society,96,4
1082,StageOne Family Theatre,74,2
1083,"Junior Achievement of Kentuckiana, Inc.",96,4
1084,Fund for the Arts,100,4
1085,Family & Children's Place,100,4
1086,United Way of Southern Kentucky,100,4
1087,Louisville Central Community Center,75,2
1088,Actors Theatre of Louisville,96,4
1089,Christian Appalachian Project,97,4
1090,Wayside Christian Mission,78,2
1091,Living Arts & Science Center,85,3
1092,Foundation for the Tri-State Community,85,3
1093,Center for Great Neighborhoods of Covington,74,2
1094,Appalshop,77,2
1095,National Performance Network,85,3
1096,Center for Planning Excellence,89,3
1097,Manship Theatre,82,3
1098,Shreveport-Bossier Rescue Mission,82,3
1099,New Orleans Ballet Association,62,1
1100,SBP,100,4
1101,Youth Empowerment Project,89,3
1102,The Idea Village,97,4
1103,Audubon Nature Institute,100,4
1104,Tipitina's Foundation,58,1
1105,Covenant House New Orleans,100,4
1106,WWOZ,96,4
1107,Louisiana Resource Center for Educators,82,3
1108,New Orleans Opera Association,85,3
1109,Catholic Charities Archdiocese of New Orleans,96,4
1110,The Greater New Orleans Foundation,96,4
1111,Jewish Children's Regional Service,100,4
1112,"Boy Scouts of America, Istrouma Area Council",77,2
1113,"Boy Scouts of America, Evangeline Area Council",85,3
1114,"Boy Scouts of America, Louisiana Purchase Council",81,3
1115,"Capital Area United Way, Louisiana",100,4
1116,United Way of Southwest Louisiana,100,4
1117,Goodwill Industries of North Louisiana,85,3
1118,United Way of Central Louisiana,96,4
1119,Louisiana SPCA,96,4
1120,United Way of Southeast Louisiana,85,3
1121,United Way of Northeast Louisiana,96,4
1122,United Way of Northwest Louisiana,100,4
1123,United Way of Acadiana,93,4
1124,Special Olympics Louisiana,85,3
1125,The Arts Council of Greater Baton Rouge,82,3
1126,WRKF 89.3,89,3
1127,"Contemporary Arts Center, New Orleans",89,3
1128,Mount Desert Island Biological Laboratory,93,4
1129,United Way of Eastern Maine,96,4
1130,The Jackson Laboratory,96,4
1131,Maine Historical Society,81,3
1132,Boys & Girls Clubs of Southern Maine,89,3
1133,United Way of Androscoggin County,89,3
1134,Pine Tree Society,100,4
1135,Animal Refuge League,100,4
1136,Bangor Humane Society,81,3
1137,Maine Seacoast Mission,96,4
1138,Boothbay Region YMCA,96,4
1139,United Way of Greater Portland,100,4
1140,Maine Audubon,100,4
1141,The Maine Children's Home for Little Wanderers,89,3
1142,Natural Resources Council of Maine,97,4
1143,Maine Maritime Museum,93,4
1144,"United Way of York County, Maine",100,4
1145,Emmaus H.O.M.E.,81,3
1146,Children's Museum & Theatre of Maine,89,3
1147,Special Olympics Maine,89,3
1148,Farnsworth Art Museum,96,4
1149,Portland Museum of Art,93,4
1150,Maine Community Foundation,96,4
1151,Preble Street,100,4
1152,Tedford Housing,89,3
1153,Friends of Acadia,96,4
1154,Coastal Maine Botanical Gardens,100,4
1155,Make-A-Wish Foundation of Maine,97,4
1156,Camp Beech Cliff,81,3
1157,Gulf of Maine Research Institute,96,4
1158,Acadia Center,100,4
1159,Mitchell Institute,96,4
1160,Safe Passage,100,4
1161,United Way of Kennebec Valley,97,4
1162,United Way of Mid Coast Maine,100,4
1163,Bigelow Laboratory for Ocean Sciences,100,4
1164,Greater Androscoggin Humane Society,66,1
1165,Bay Chamber Concerts,85,3
1166,World Jewish Congress - American Section,97,4
1167,Common Dreams,59,1
1168,Maine Justice Foundation,93,4
1169,"Camp Sunshine, Maine",100,4
1170,Island Institute,100,4
1171,Good Shepherd Food Bank of Maine,100,4
1172,Maine Public,100,4
1173,Immigrant Legal Advocacy Project,100,4
1174,Animal Welfare Society,100,4
1175,Maine Center for Coastal Fisheries,78,2
1176,LifeFlight Foundation,85,3
1177,Catholic Foundation of Maine,73,2
1178,National Federation of the Blind,97,4
1179,Chesapeake Shakespeare Company,85,3
1180,National Foundation for Cancer Research,97,4
1181,Wild Earth Allies,100,4
1182,Planet Aid,93,4
1183,The Humane League,86,3
1184,Sjögren's Syndrome Foundation,96,4
1185,Fisher House Foundation,100,4
1186,Chesapeake Climate Action Network,96,4
1187,"NAACP Empowerment Programs, Inc.",89,3
1188,Association on American Indian Affairs,92,4
1189,American Nurses Foundation,92,4
1190,Cystic Fibrosis Foundation,100,4
1191,Lutheran World Relief,97,4
1192,Veterans Support Foundation,89,3
1193,Catholic Relief Services,90,4
1194,HIAS,97,4
1195,Humanity First USA,81,3
1196,Operation Second Chance,100,4
1197,Bladder Cancer Advocacy Network,96,4
1198,Animals' Angels,85,3
1199,AOPA Foundation,96,4
1200,ImpactIsrael,97,4
1201,Institute for the Analysis of Global Security,55,1
1202,SAT 7 North America,100,4
1203,World Relief,100,4
1204,Chesapeake Bay Maritime Museum,100,4
1205,Osteogenesis Imperfecta Foundation,96,4
1206,Special Olympics Maryland,96,4
1207,American Kidney Fund,97,4
1208,Foundation Fighting Blindness,96,4
1209,Baltimore Community Foundation,93,4
1210,National Foundation for Infectious Diseases,93,4
1211,ACLU Foundation of Maryland,96,4
1212,Boys & Girls Club of Washington County,81,3
1213,BrightFocus Foundation,97,4
1214,International Orthodox Christian Charities,100,4
1215,Disabled Veterans National Foundation,90,4
1216,Chesapeake Conservancy,97,4
1217,Harwood Institute for Public Innovation,89,3
1218,WYPR,100,4
1219,Strategic Resource Group,78,2
1220,National History Day,85,3
1221,Izaak Walton League of America,97,4
1222,National 4-H Council,100,4
1223,Yellow Ribbon Fund,100,4
1224,Metavivor,100,4
1225,International Youth Foundation,97,4
1226,Foundation Fighting Blindness Clinical Research Institute,96,4
1227,Warrior Canine Connection,97,4
1228,Child Rights And You America,81,3
1229,New Economy Coalition,66,1
1230,Ibis Reproductive Health,88,3
1231,Nativity School of Worcester,89,3
1232,Worcester Art Museum,85,3
1233,Worcester County Horticultural Society,92,4
1234,New England Forestry Foundation,97,4
1235,DeCordova Sculpture Park and Museum,89,3
1236,Big Brothers Big Sisters of Massachusetts Bay,100,4
1237,YWCA Boston,100,4
1238,Boston Symphony Orchestra,89,3
1239,YMCA of Greater Boston,90,4
1240,Combined Jewish Philanthropies,97,4
1241,MSPCA-Angell,97,4
1242,"Museum of Fine Arts, Boston",70,2
1243,Perkins School for the Blind,89,3
1244,American Academy of Arts and Sciences,96,4
1245,Animal Rescue League of Boston,100,4
1246,Athol Area YMCA,78,2
1247,Berkshire Museum,89,3
1248,Greater Boston Legal Services,89,3
1249,Museum of Science,93,4
1250,Boys & Girls Clubs of Boston,97,4
1251,Boys & Girls Club of Fall River,81,3
1252,Boys & Girls Club of Lynn,85,3
1253,Waltham Boys and Girls Club,89,3
1254,United Way of Greater Plymouth County,89,3
1255,Boston Children's Museum,100,4
1256,Clarke Schools for Hearing and Speech,89,3
1257,United Way of Central Massachusetts,93,4
1258,The Boston Foundation,96,4
1259,United Way of Greater Fall River,89,3
1260,Concord Museum,85,3
1261,Thompson Island Education Center,96,4
1262,United Way of Tri County,100,4
1263,United Way of Greater New Bedford,93,4
1264,The Institute of Contemporary Art,82,3
1265,Isabella Stewart Gardner Museum,89,3
1266,Jewish Community Relations Council,100,4
1267,Jewish Big Brothers Big Sisters of Greater Boston,100,4
1268,Jewish Vocational Service of Boston,100,4
1269,Jewish Federation of Central Massachusetts,89,3
1270,Boys & Girls Club of Lawrence,85,3
1271,Boys & Girls Club of Greater Lowell,85,3
1272,WGBH Boston,96,4
1273,Nantucket Atheneum,89,3
1274,Marine Biological Laboratory,85,3
1275,Massachusetts Audubon Society,97,4
1276,Massachusetts Horticultural Society,96,4
1277,Boston Rescue Mission,96,4
1278,National Braille Press,93,4
1279,Rise for Animals,100,4
1280,New England Historic Genealogical Society and American Ancestors,100,4
1281,Native Plant Trust,85,3
1282,United Way of Hampshire County,92,4
1283,Old Dartmouth Historical Society/New Bedford Whaling Museum,97,4
1284,South Boston Neighborhood House,100,4
1285,Berkshire United Way,100,4
1286,Boston Athenæum,93,4
1287,Interfaith Social Services,100,4
1288,Boys and Girls Club of Greater Salem,82,3
1289,Historic New England,89,3
1290,The West End House Boys & Girls Clubs of Allston-Brighton,100,4
1291,Woods Hole Oceanographic Institution,96,4
1292,Boys & Girls Club of Worcester,85,3
1293,EcoTarium,89,3
1294,YMCA of Central Massachusetts,89,3
1295,The Carroll Center for the Blind,100,4
1296,Morgan Memorial Goodwill Industries,97,4
1297,The Massachusetts Historical Society,100,4
1298,American Institute for Economic Research,100,4
1299,Girls Inc. of Worcester,100,4
1300,Fruitlands Museum,67,1
1301,Handel and Haydn Society,96,4
1302,Junior Achievement of Northern New England,100,4
1303,Jewish Federation of the Berkshires,89,3
1304,Cape Ann Museum,93,4
1305,United Way of Pioneer Valley,93,4
1306,Martha's Vineyard Museum,100,4
1307,Longyear Museum,86,3
1308,Joslin Diabetes Center,92,4
1309,Provincetown Art Association and Museum,82,3
1310,The Francis Ouimet Scholarship Fund,96,4
1311,Williamstown Theatre Festival,97,4
1312,Historic Deerfield,97,4
1313,Dana-Farber Cancer Institute,93,4
1314,The Cape and Islands United Way,82,3
1315,Hancock Shaker Village,89,3
1316,Theatre Workshop of Nantucket,89,3
1317,Boston Ballet,93,4
1318,United Way of Massachusetts Bay and Merrimack Valley,100,4
1319,Boys & Girls Clubs of MetroWest,100,4
1320,CatholicTV,77,2
1321,Teen Challenge New England & New Jersey,93,4
1322,Museum of African American History,58,1
1323,"RESIST, INC.",89,3
1324,Artists Association of Nantucket,89,3
1325,Boston Lyric Opera,93,4
1326,Bridge Over Troubled Waters,85,3
1327,Hitchcock Center,89,3
1328,National Consumer Law Center,97,4
1329,Council of Social Concern,89,3
1330,USS Constitution Museum,93,4
1331,Pine Street Inn,97,4
1332,Boston Baroque,85,3
1333,Union of Concerned Scientists,97,4
1334,Rosie's Place,93,4
1335,New England Foundation for the Arts,89,3
1336,Center for Coastal Studies,100,4
1337,Harvard Hillel,89,3
1338,The Boston House,100,4
1339,Samaritans,100,4
1340,Abby's House,100,4
1341,New Bedford Symphony Orchestra,85,3
1342,GLBTQ Legal Advocates & Defenders (GLAD),97,4
1343,Merrimack Repertory Theatre,85,3
1344,Shakespeare & Company,85,3
1345,The Mount,86,3
1346,Sociedad Latina,93,4
1347,Boston Philharmonic Orchestra,89,3
1348,Planned Parenthood League of Massachusetts,100,4
1349,Sea Education Association,100,4
1350,National Yiddish Book Center,97,4
1351,The Greater Boston Food Bank,100,4
1352,Jewish Family Service of Metrowest,96,4
1353,Wellspring House,89,3
1354,REACH Beyond Domestic Violence,89,3
1355,Peace Development Fund,96,4
1356,Discovery Museum,100,4
1357,The Food Bank of Western Massachusetts,100,4
1358,Lazarus House,96,4
1359,The Genesis Foundation for Children,97,4
1360,Facing History and Ourselves,100,4
1361,The Parenting Journey,89,3
1362,Northampton Survival Center,100,4
1363,Boston Neighborhood Network,81,3
1364,More Than Words,93,4
1365,Freelance Players Inc DBA Urban Improve,89,3
1366,Boston Youth Symphony Orchestras,89,3
1367,Grassroots International,90,4
1368,Center for Public Interest Research,70,2
1369,Lower Cape Outreach Council,81,3
1370,Free Software Foundation,100,4
1371,New England Wildlife Center,93,4
1372,Project Bread,90,4
1373,Buzzards Bay Coalition,93,4
1374,Habitat for Humanity Boston Inc,96,4
1375,Woodwell Climate Research Center,100,4
1376,New England Center and Home for Veterans,93,4
1377,Thompson Island Outward Bound Education Center (TIOBEC),96,4
1378,Oldways Preservation Trust,85,3
1379,Joy of Music Program,100,4
1380,Rian Immigrant Center,100,4
1381,Lloyd Center for the Environment,89,3
1382,Health Equity International,97,4
1383,National Brain Tumor Society,100,4
1384,Worcester County Food Bank,96,4
1385,The Steppingstone Foundation,100,4
1386,My Brother's Keeper,93,4
1387,The Center for Teen Empowerment,96,4
1388,Rosenberg Fund for Children,97,4
1389,Straight Ahead Ministries,100,4
1390,MASS MoCA,71,2
1391,Habitat for Humanity of Greater Lowell,100,4
1392,Zoo New England,93,4
1393,WorldTeach,100,4
1394,Artists For Humanity,96,4
1395,Bikes Not Bombs,92,4
1396,Cape Cod Commercial Fishermen's Alliance,89,3
1397,Lovelane Special Needs Horseback Riding Program,100,4
1398,Berkshire Humane Society,100,4
1399,Peabody Essex Museum,85,3
1400,Mother Caroline Academy & Education Center,85,3
1401,BELL (Building Educated Leaders for Life),86,3
1402,"Boy Scouts of America, The Spirit of Adventure Council",89,3
1403,Second Nature,93,4
1404,The Marion Institute,85,3
1405,FRAXA Research Foundation,96,4
1406,National Network of Abortion Funds,89,3
1407,Center for Collaborative Education,92,4
1408,Brain Aneurysm Foundation,88,3
1409,Nantucket Community Sailing,100,4
1410,Beverly Bootstraps,96,4
1411,Center for Women & Enterprise,93,4
1412,Citizen Schools,92,4
1413,Jumpstart,93,4
1414,The Food Project,92,4
1415,Barrington Stage Company,89,3
1416,Angiogenesis Foundation,93,4
1417,Foundation for MetroWest,93,4
1418,Boston Harbor Now,96,4
1419,MassINC,89,3
1420,American Macular Degeneration Foundation,50,0
1421,Kids' Food Basket,96,4
1422,Blandford Nature Center,85,3
1423,Zaman International,96,4
1424,United Way for Southeastern Michigan,97,4
1425,Michigan Roundtable for Diversity and Inclusion,85,3
1426,Heal Africa USA,73,2
1427,Michigan Community Resources,89,3
1428,Partners Relief and Development,93,4
1429,Audio Scripture Ministries,100,4
1430,Open Doors Kalamazoo,100,4
1431,Community Action House,88,3
1432,Crooked Tree Arts Center,89,3
1433,Senior Neighbors,100,4
1434,Impression 5 Science Center,93,4
1435,ACLU of Michigan Foundation,89,3
1436,Plymouth Community United Way,89,3
1437,Community Foundation for Northeast Michigan,92,4
1438,The Greening of Detroit,78,2
1439,Helping Hand for Relief and Development,100,4
1440,Eastern Market Corporation,89,3
1441,Desiring God Ministries,63,1
1442,Forest Stewardship Council - U.S.,96,4
1443,Scholarship America,100,4
1444,Minneapolis Parks Foundation,85,3
1445,Minnesotans Military Appreciation Fund,51,0
1446,Los Cabos Children's Foundation,100,4
1447,Bluegreen Alliance Foundation,89,3
1448,Pulse,85,3
1449,The Wildcat Sanctuary,93,4
1450,Timber Bay,93,4
1451,Hastings Family Service,96,4
1452,United Way of Steele County,92,4
1453,Minnesota Center for Environmental Advocacy,92,4
1454,Second Harvest Heartland,96,4
1455,Tri-County Humane Society,89,3
1456,American Composers Forum,93,4
1457,MinnPost,74,2
1458,Colon Cancer Coalition ,100,4
1459,Big Brothers Big Sisters of the Greater Twin Cities,96,4
1460,re:power fund,93,4
1461,Nonviolent Peaceforce,92,4
1462,MN Community Measurement,89,3
1463,Alight (formerly American Refugee Committee),100,4
1464,"TreeHouse, Inc.",89,3
1465,The Advocates for Human Rights,100,4
1466,Starkey Hearing Foundation,90,4
1467,Global Volunteers,100,4
1468,Headwaters Foundation for Social Justice,96,4
1469,Twin Cities Habitat for Humanity Inc,100,4
1470,The Center for Victims of Torture,97,4
1471,Sharing and Caring Hands,51,0
1472,Initiative Foundation,89,3
1473,West Central Initiative,93,4
1474,Southern Minnesota Initiative Foundation,89,3
1475,Second Harvest Northern Lakes Food Bank,96,4
1476,Interfaith Outreach & Community Partners,100,4
1477,Open Your Heart to the Hungry and Homeless,96,4
1478,Institute for Agriculture and Trade Policy,92,4
1479,Global Health Ministries,100,4
1480,SteppingStone Theatre,75,2
1481,Urban Ventures Leadership Foundation,100,4
1482,Wildlife Forever,92,4
1483,Solid Ground,96,4
1484,Friends of the Hennepin County Library,96,4
1485,Page Education Foundation,97,4
1486,Center of the American Experiment,74,2
1487,MATTER,93,4
1488,Haiti Outreach,100,4
1489,One Heartland,96,4
1490,University of Minnesota Alumni Association,89,3
1491,Animal Humane Society,100,4
1492,"Boy Scouts of America, Central Minnesota Council",89,3
1493,Merrick Community Services,93,4
1494,Minneapolis Jewish Federation,96,4
1495,Minnesota Orchestra,89,3
1496,St. Paul Jewish Federation,96,4
1497,Amherst H. Wilder Foundation,96,4
1498,Girl Scouts of Minnesota and Wisconsin River Valleys,100,4
1499,The Minneapolis Institute of Arts,89,3
1500,"Neighborhood House, St. Paul",92,4
1501,Keystone Community Services,96,4
1502,Walker Art Center,86,3
1503,United Way of Olmsted County,96,4
1504,Metro Hope Ministries,81,3
1505,Union Gospel Mission Twin Cities,100,4
1506,Goodwill-Easter Seals Minnesota,89,3
1507,Science Museum of Minnesota,96,4
1508,American Swedish Institute,93,4
1509,Minnesota Historical Society,93,4
1510,Catholic Charities of Southern Minnesota,100,4
1511,Minnesota Museum of American Art,93,4
1512,Mississippi Center for Justice,89,3
1513,Catch-A-Dream Foundation,100,4
1514,CREATE Foundation,96,4
1515,Diabetes Foundation of Mississippi,92,4
1516,The Bulldog Club,62,1
1517,Bible Education & Missionary Service,47,0
1518,CEC/Seabee Historical Foundation,96,4
1519,"Boy Scouts of America, Andrew Jackson Council",81,3
1520,"Boy Scouts of America, Pine Burr Area Council",70,2
1521,"United Way of the Capital Area, Mississippi",89,3
1522,French Camp Academy,100,4
1523,United Way of West Central Mississippi,77,2
1524,Boys & Girls Clubs of Central Mississippi,85,3
1525,Palmer Home for Children,89,3
1526,Gateway Rescue Mission,89,3
1527,"United Way for Jackson & George Counties, MS",96,4
1528,United Way of Northeast Mississippi,97,4
1529,United Way of Southeast Mississippi,92,4
1530,Operation Shoestring,100,4
1531,Ole Miss Athletics Foundation,96,4
1532,Boys & Girls Clubs of the Gulf Coast,85,3
1533,African Bible Colleges,93,4
1534,American Family Association,96,4
1535,The Mustard Seed,81,3
1536,Stewpot Community Services,93,4
1537,Mississippi Food Network,92,4
1538,Make-A-Wish Mississippi,97,4
1539,Christian Services,97,4
1540,Habitat for HumanityMetro Jackson,97,4
1541,Institute of Southern Jewish Life,89,3
1542,Cary Christian Center,96,4
1543,Baptist Medical & Dental Mission International,89,3
1544,United Way of South Mississippi,100,4
1545,Mississippi Children's Museum,100,4
1546,Hope Enterprise Corporation,96,4
1547,Boys Girls Clubs of North Mississippi,70,2
1548,H.E.R.O.E.S. Care,100,4
1549,Camp Fire National Headquarters,100,4
1550,"National Council of the United States, Society of St. Vincent de Paul",85,3
1551,Meds & Food for Kids,100,4
1552,International Psoriasis Council,77,2
1553,Pujols Family Foundation,93,4
1554,Fight Colorectal Cancer,100,4
1555,"College Bound, St. Louis",100,4
1556,DreamChaser PMU Rescue and Rehabilitation,85,3
1557,Head for the Cure,81,3
1558,The Mission Continues,100,4
1559,Circle Of Concern,100,4
1560,Optimist International Foundation,96,4
1561,Kilo Diabetes & Vascular Research Foundation,63,1
1562,Special Olympics Missouri,100,4
1563,Shelterwood ,85,3
1564,MidwayUSA Foundation,97,4
1565,Crisis Aid International,100,4
1566,Angus Foundation,73,2
1567,The National Children's Cancer Society (NCCS),93,4
1568,Child Evangelism Fellowship,96,4
1569,Junior Achievement of Greater St. Louis,93,4
1570,American Youth Foundation,100,4
1571,Guardian Angel Settlement Association,89,3
1572,Humane Society of Missouri,93,4
1573,Jewish Federation of St. Louis,100,4
1574,MERS Missouri Goodwill Industries,97,4
1575,"Boy Scouts of America, Greater St. Louis Area Council",81,3
1576,Society of St. Vincent De Paul Archdiocesan Council of St. Louis,89,3
1577,Wyman Center,100,4
1578,Catholic Charities of St. Louis,96,4
1579,Sherwood Forest Camp,96,4
1580,Missouri History Museum,96,4
1581,Central Institute for the Deaf,92,4
1582,Central Missouri Humane Society,77,2
1583,Missouri Botanical Garden,97,4
1584,Saint Louis Symphony Orchestra,88,3
1585,Big Brothers Big Sisters of Eastern Missouri,92,4
1586,Nine Network of Public Media,100,4
1587,Southside Early Childhood Center,100,4
1588,Animal Protective Association of Missouri,100,4
1589,United Way of Greater St. Louis,96,4
1590,Heart of Missouri United Way,93,4
1591,Jewish Family & Children's Service of St. Louis,100,4
1592,Arts and Education Council,100,4
1593,Opera Theatre of Saint Louis,92,4
1594,Legal Aid of Western Missouri,89,3
1595,Sunshine Ministries,82,3
1596,Wings of Hope,100,4
1597,Teen Challenge International of Mid-America,66,1
1598,University City Children's Center,88,3
1599,Consortium for Graduate Study in Management,92,4
1600,Casting for Recovery,93,4
1601,Boone and Crockett Club,85,3
1602,Backcountry Hunters & Anglers,92,4
1603,Warriors & Quiet Waters Foundation,92,4
1604,Billings Symphony Society,74,2
1605,Montana Environmental Information Center,74,2
1606,Heart of the Valley Animal Shelter,100,4
1607,Special K Ranch,92,4
1608,Helena Food Share,96,4
1609,The Billings Food Bank,93,4
1610,Montana Wilderness Association,97,4
1611,Central Asia Institute,96,4
1612,Indian Law Resource Center,97,4
1613,National Forest Foundation,96,4
1614,Glacier National Park Conservancy,96,4
1615,Headwaters Economics,78,2
1616,Polar Bears International,100,4
1617,United Way of Yellowstone County,96,4
1618,United Way of Missoula County,92,4
1619,United Way of Cascade County,96,4
1620,Northwest Montana United Way,78,2
1621,Boys & Girls Clubs of Yellowstone County,85,3
1622,"Boy Scouts of America, Montana Council",93,4
1623,Special Olympics Montana,97,4
1624,Northern Plains Resource Council,92,4
1625,Watson Children's Shelter,89,3
1626,Greater Gallatin United Way,96,4
1627,"Haven, Montana",96,4
1628,Property and Environment Research Center,93,4
1629,Flathead Food Bank,86,3
1630,Greater Yellowstone Coalition,100,4
1631,Missoula Food Bank,96,4
1632,Montana Food Bank Network,100,4
1633,Rocky Mountain Elk Foundation,96,4
1634,Boone and Crockett Club,85,3
1635,American Civil Liberties Union of Montana Foundation,85,3
1636,Montana Community Foundation,92,4
1637,McLaughlin Research Institute for Biomedical Sciences,89,3
1638,Camp Mak-A-Dream,89,3
1639,Missoula Art Museum,70,2
1640,National Institute on Money in State Politics,96,4
1641,Rebecca Farm,32,0
1642,Orphan's Lifeline of Hope International,81,3
1643,Yellowstone to Yukon Conservation Initiative,100,4
1644,C.M. Russell Museum,93,4
1645,Great Falls Rescue Mission,89,3
1646,Yellowstone Art Museum ,92,4
1647,United Way of the Lewis and Clark Area,92,4
1648,Center for People in Need,100,4
1649,Heartland Hope Mission,96,4
1650,Wounded Warriors Family Support,100,4
1651,Community Health Charities of Nebraska,96,4
1652,The Arbor Day Foundation,96,4
1653,Nebraska Humanities Council,89,3
1654,Northstar Foundation,89,3
1655,Orphan Grain Train,100,4
1656,Father Flanagans Boys Home Group Return,97,4
1657,Omaha Habitat for Humanity,100,4
1658,Stephen Center,85,3
1659,Foundation for Lincoln Public Schools,74,2
1660,Father Flanagan's Trust Fund,97,4
1661,Matt Talbot Kitchen & Outreach,100,4
1662,Hfho Real Estate Holdings Inc.,100,4
1663,The Omaha Home for Boys,77,2
1664,YMCA of Greater Omaha,96,4
1665,"United Way of the Midlands, Nebraska",100,4
1666,Boys Town,97,4
1667,Catholic Charities of the Archdiocese of Omaha,89,3
1668,Capital Humane Society,93,4
1669,United Way of Lincoln and Lancaster County,100,4
1670,People's City Mission,100,4
1671,Nebraska Humane Society,93,4
1672,Urban League of Nebraska,89,3
1673,Joslyn Art Museum,89,3
1674,Jewish Federation of Omaha,100,4
1675,Omaha Community Playhouse,85,3
1676,Back to the Bible,78,2
1677,"Christian Record Services, Inc.",97,4
1678,"Open Door Mission, Omaha",96,4
1679,Big Brothers Big Sisters of the Midlands,96,4
1680,Boys & Girls Clubs of the Midlands,82,3
1681,Heartland United Way,96,4
1682,Omaha's Henry Doorly Zoo,82,3
1683,Nebraska Lutheran Outdoor Ministries,100,4
1684,Special Olympics Nebraska,96,4
1685,"Cedars Youth Services, Inc.",100,4
1686,Girls Inc. of Omaha,100,4
1687,Youth Emergency Services,93,4
1688,Together Omaha,89,3
1689,Siena Francis House,100,4
1690,Museum of Nebraska Art,70,2
1691,Friendship Home of Lincoln,100,4
1692,Food Bank for the Heartland,100,4
1693,Food Bank of Lincoln,100,4
1694,Bemis Center for Contemporary Arts,74,2
1695,Abide,89,3
1696,Lauritzen Gardens,89,3
1697,Make-A-Wish Foundation of Nebraska,97,4
1698,Crossroads Center,50,0
1699,The Praise Network,67,1
1700,Lincoln Children's Museum,89,3
1701,Grand Island Public Schools Foundation,92,4
1702,BLUEBARN Theatre,77,2
1703,Catholic Social Services of Southern Nebraska,85,3
1704,Ronald McDonald House Charities in Omaha,100,4
1705,Nebraska AIDS Project,84,3
1706,Project Harmony,89,3
1707,City Impact,85,3
1708,Hope Center for Kids,93,4
1709,Omaha Performing Arts,89,3
1710,Spread the Word Nevada,96,4
1711,Las Vegas Rescue Mission,100,4
1712,Goodwill of Southern Nevada,100,4
1713,Nevada Public Radio Corporation,92,4
1714,Three Square,100,4
1715,Boys & Girls Clubs of Elko,89,3
1716,Society for the Protection of New Hampshire Forests,93,4
1717,The Granite YMCA,96,4
1718,YMCA of Greater Nashua,92,4
1719,New Hampshire Association for the Blind,97,4
1720,Mount Washington Observatory,93,4
1721,Monadnock United Way,100,4
1722,The Pope Memorial SPCA of Concord-Merrimack County,74,2
1723,Boys & Girls Clubs of Central New Hampshire,88,3
1724,Strawbery Banke Museum,100,4
1725,New Hampshire Public Radio,96,4
1726,The Gibson Center for Senior Services,96,4
1727,Nashua Soup Kitchen & Shelter,88,3
1728,Make-A-Wish Foundation of New Hampshire,97,4
1729,CATCH Neighborhood Housing,100,4
1730,Boys & Girls Club of Souhegan Valley,89,3
1731,New Hampshire SPCA,100,4
1732,New Hampshire Audubon,89,3
1733,Monadnock Humane Society,100,4
1734,New Hampshire Charitable Foundation,97,4
1735,Granite United Way,100,4
1736,New Hampshire Humane Society,100,4
1737,United Way of Greater Nashua,93,4
1738,Evangelistic Association of New England,96,4
1739,The MacDowell Colony,96,4
1740,Cross Roads House,89,3
1741,David's House,89,3
1742,FIRST,97,4
1743,Harris Center for Conservation Education,89,3
1744,Special Olympics New Hampshire,71,2
1745,LISTEN Community Services,100,4
1746,The Cousteau Society,52,0
1747,Upper Valley Humane Society,89,3
1748,Girls Inc. of New Hampshire,93,4
1749,The Water Project,100,4
1750,Grassroot Soccer,100,4
1751,NHSPCA Trust,100,4
1752,Adler Aphasia Center,100,4
1753,Radio Visión Cristiana,71,2
1754,New York City Relief/The Relief Bus,100,4
1755,Mesorah Heritage Foundation,86,3
1756,American Friends of Yad Eliezer,96,4
1757,OneFamily Fund,100,4
1758,Rising Tide Capital,93,4
1759,United States Golf Association,100,4
1760,Learning Ally,96,4
1761,Kidney & Urology Foundation of America,62,1
1762,Tomorrows Children's Fund,85,3
1763,Contemplative Outreach,81,3
1764,American Friends of Rabbinical College of Telzstone,67,1
1765,Covenant House New Jersey,100,4
1766,Aish New York,74,2
1767,BLESS USA,55,1
1768,Jewish Foundation for the Righteous,97,4
1769,National Police Defense Foundation,86,3
1770,Parkinson's Unity Walk,78,2
1771,Worldwide Orphans Foundation,100,4
1772,Charity Navigator,100,4
1773,Sharsheret,100,4
1774,American Friends of Leket Israel,82,3
1775,Jewish Federation of Atlantic and Cape May Counties,85,3
1776,Boys & Girls Club of Mercer County,96,4
1777,Jewish Family & Children's Service of Greater Mercer County,96,4
1778,"Garden State Council, Boy Scouts of America",81,3
1779,Boy Scouts of America Monmouth Council,89,3
1780,Uih Family Partners,89,3
1781,The Watershed Institute,92,4
1782,Rescue Mission of Trenton,100,4
1783,Monmouth County SPCA,93,4
1784,Goodwill Industries of Southern NJ and Philadelphia,93,4
1785,United Way of Greater Mercer County,100,4
1786,Boys & Girls Club of Monmouth County,89,3
1787,Woodrow Wilson National Fellowship Foundation,89,3
1788,America's Keswick,82,3
1789,McCarter Theatre Center for the Performing Arts,97,4
1790,American Repertory Ballet,89,3
1791,United Way of Gloucester County,100,4
1792,Camp Nejeda Foundation,93,4
1793,Associated Humane Societies,100,4
1794,Goodwill Rescue Mission,70,2
1795,United Way of Hudson County,93,4
1796,Jewish Federation of Greater Metrowest NJ,96,4
1797,United Way of Northern New Jersey,89,3
1798,Newark Museum,96,4
1799,Jewish Family Service Agency of Central New Jersey,93,4
1800,Metropolitan YMCA of the Oranges,96,4
1801,Montclair Art Museum,100,4
1802,The Jewish Federation in the Heart of New Jersey,93,4
1803,Morris Museum,89,3
1804,United Way of Central Jersey,100,4
1805,New Jersey Audubon Society,96,4
1806,The Seeing Eye,100,4
1807,New Jersey Symphony Orchestra,96,4
1808,St. Hubert's Animal Welfare Center,100,4
1809,SAGE Eldercare,85,3
1810,United States Equestrian Team Foundation,100,4
1811,"Jewish Federation of Somerset, Hunterdon & Warren Counties",93,4
1812,"National Council of Jewish Women, Essex County Section",93,4
1813,Jewish Family Service of Metrowest New Jersey,100,4
1814,Jewish Community Foundation of MetroWest New Jersey,96,4
1815,Animal Welfare Association,81,3
1816,Junior Achievement of New Jersey,93,4
1817,United Way of Monmouth and Ocean Counties,100,4
1818,Summit Speech School,96,4
1819,Gottesman RTW Academy,85,3
1820,WheatonArts and Cultural Center,66,1
1821,United Way of Greater Union County,89,3
1822,Multiple Sclerosis Association of America,97,4
1823,The Shakespeare Theatre of New Jersey,70,2
1824,Hemophilia Association of New Jersey,77,2
1825,American Civil Liberties Union of New Jersey Foundation,96,4
1826,Education Law Center,85,3
1827,Talmudic Research Center of Northern New Jersey,44,0
1828,Big Brothers Big Sisters of Coastal and Northern New Jersey,70,2
1829,The Valerie Fund,93,4
1830,WBGO,93,4
1831,Jewish Family & Children's Service of Greater Monmouth County,96,4
1832,Jersey Battered Women's Service,100,4
1833,Trinity Counseling Service,93,4
1834,Center for Food Action in New Jersey,92,4
1835,Jewish Family Services of Middlesex County,96,4
1836,Community Foundation of New Jersey,100,4
1837,"The Blue Army of Our Lady of Fatima, U.S.A.",66,1
1838,Liberty Science Center,89,3
1839,Princeton Symphony Orchestra,100,4
1840,Tri-County Scholarship Fund,100,4
1841,Several Sources Shelters,89,3
1842,RWJ University Hospital Foundation,93,4
1843,Trenton Area Soup Kitchen,100,4
1844,Great Swamp Watershed Association,100,4
1845,Arts Horizons,85,3
1846,Community FoodBank of New Jersey,100,4
1847,Eva's Village,100,4
1848,Ronald McDonald House of Southern New Jersey,100,4
1849,United Way of Hunterdon County,100,4
1850,Share & Care Foundation,100,4
1851,Make-A-Wish Foundation of New Jersey,97,4
1852,"Homeless Solutions, Inc.",92,4
1853,Center for Civic Policy,85,3
1854,The Notah Begay III Foundation,89,3
1855,New Mexico BioPark Society,100,4
1856,United Way of Northern New Mexico,96,4
1857,International Folk Art Alliance,92,4
1858,American Indian Science and Engineering Society,100,4
1859,Boys & Girls Clubs of Central New Mexico,89,3
1860,Navajo Ministries,85,3
1861,School for Advanced Research,100,4
1862,The Santa Fe Opera,85,3
1863,United Way of Santa Fe County,100,4
1864,Albuquerque Museum Foundation,89,3
1865,Museum of New Mexico Foundation,90,4
1866,Animal Humane New Mexico,100,4
1867,Hosanna/Faith Comes By Hearing,100,4
1868,Santa Fe Chamber Music Festival,89,3
1869,New Mexico Museum of Natural History Foundation,85,3
1870,Special Olympics New Mexico,89,3
1871,United Way of Central New Mexico,100,4
1872,Roadrunner Food Bank of New Mexico,100,4
1873,Ronald McDonald House Charities of New Mexico,96,4
1874,Albuquerque Community Foundation,100,4
1875,Santa Fe Institute,96,4
1876,Make-A-Wish Foundation of New Mexico,97,4
1877,Center for Action and Contemplation,89,3
1878,Greater Albuquerque Habitat for Humanity,100,4
1879,Santa Fe Botanical Garden,92,4
1880,Santa Fe Art Institute,85,3
1881,Española Humane,100,4
1882,WildEarth Guardians,93,4
1883,SITE Santa Fe,89,3
1884,The Food Depot,100,4
1885,DreamSpring,100,4
1886,NDI New Mexico,100,4
1887,Bioneers,89,3
1888,Georgia O'Keeffe Museum,96,4
1889,Lensic Performing Arts Center,96,4
1890,New Mexico Wilderness Alliance,93,4
1891,Iranian American Jewish Federation of New York,93,4
1892,Democracy Now!,74,2
1893,"Comic Relief, Inc.",96,4
1894,National Medical Fellowships,97,4
1895,Stephen Siller Tunnel to Towers Foundation,100,4
1896,Pajama Program,100,4
1897,Haitian Education & Leadership Program,88,3
1898,Women's Link Worldwide Inc.,73,2
1899,The Joe Torre Safe At Home Foundation,100,4
1900,American Friends of Chabad of Thailand,51,0
1901,Bivona Child Advocacy Center,100,4
1902,EMpower,100,4
1903,World Animal Protection,97,4
1904,Arts Empowering Life,52,0
1905,American Friends of Nishmat,92,4
1906,GLSEN,97,4
1907,Per Scholas,96,4
1908,ICNA Relief USA,93,4
1909,Bermuda Institute of Ocean Sciences,92,4
1910,Pegasus Therapeutic Riding,74,2
1911,Trickle Up,100,4
1912,United Way of Dutchess-Orange Region,100,4
1913,The American Classical Orchestra,89,3
1914,Student Leadership Network,100,4
1915,Community Foundation of Orange County,96,4
1916,Friends of the Children NY,89,3
1917,HonestReporting.com,89,3
1918,Getting Out and Staying Out,92,4
1919,Urban Assembly,93,4
1920,Brooklyn Historical Society,100,4
1921,Edith and Carl Marks Jewish Community House of Bensonhurst,93,4
1922,YMCA of Long Island,89,3
1923,Grenville Baker Boys & Girls Club,96,4
1924,North Shore Animal League America,97,4
1925,Brooklyn Museum,90,4
1926,Guide Dog Foundation for the Blind,97,4
1927,Planting Fields Foundation,78,2
1928,The Parrish Art Museum,96,4
1929,Long Island Council on Alcoholism & Drug Dependence,89,3
1930,Children's Bible Fellowship of New York,44,0
1931,Cold Spring Harbor Laboratory,89,3
1932,New York Hall of Science,97,4
1933,Boys & Girls Club of Oyster Bay - East Norwich,88,3
1934,Brooklyn Academy of Music,96,4
1935,Bayith Lepleitot,48,0
1936,Advocates for Children of New York,96,4
1937,Brooklyn Botanic Garden,94,4
1938,Hineni,59,1
1939,Landmark on Main Street,85,3
1940,Planned Parenthood Hudson Peconic,82,3
1941,Fifth Avenue Committee,89,3
1942,ParentChild+,93,4
1943,Brooklyn Teen Challenge,96,4
1944,The Museum of Chinese in America,85,3
1945,Dystrophic Epidermolysis Bullosa Research Association of America (debra of America),100,4
1946,Long Island Cares,100,4
1947,INCLUDEnyc,96,4
1948,Committee for Hispanic Children & Families,90,4
1949,FDNY Foundation,100,4
1950,Chofetz Chaim Heritage Foundation,82,3
1951,Make-A-Wish Foundation of Metro New York and Western New York,97,4
1952,Fund for Public Schools,92,4
1953,Jewish Community Council of Greater Coney Island,100,4
1954,"Make-A-Wish Foundation of Suffolk County, NY",97,4
1955,The INN,100,4
1956,Museum of the Moving Image,89,3
1957,National Association of Scholars,89,3
1958,Ronald McDonald House Charities New York Metro,96,4
1959,The Life Center of Long Island,96,4
1960,Habitat for Humanity of Suffolk Inc,96,4
1961,Prospect Park Alliance,97,4
1962,The Long Island Alzheimer's and Dementia Center,100,4
1963,Chai Lifeline,94,4
1964,Nassau County Museum of Art,85,3
1965,Long Island Children's Museum,96,4
1966,Brooklyn Youth Chorus Academy,85,3
1967,Hamptons International Film Festival,89,3
1968,Island Harvest,100,4
1969,The Boomer Esiason Foundation,100,4
1970,Classroom Central,100,4
1971,East Coast Greenway,92,4
1972,Center for Teaching Quality,85,3
1973,American Dance Festival,85,3
1974,National MPS Society,100,4
1975,The V Foundation,100,4
1976,American Kennel Club Canine Health Foundation,100,4
1977,Samaritan's Feet,93,4
1978,Rise Against Hunger,100,4
1979,National Inclusion Project,81,3
1980,Hagar USA,100,4
1981,24 Foundation,89,3
1982,Ronald McDonald House of Charlotte,96,4
1983,Chordoma Foundation,100,4
1984,Global Service Network,67,1
1985,Brother Wolf Animal Rescue,93,4
1986,Wine To Water,92,4
1987,National Association of Police Athletic/Activities League,92,4
1988,Swim Across America,96,4
1989,Free The Kids,96,4
1990,Christian Research Institute,67,1
1991,Forsyth Humane Society,89,3
1992,North Carolina Museum of Art Foundation,85,3
1993,American Whitewater,100,4
1994,Greensboro Jewish Federation,89,3
1995,Crisis Control Ministry,96,4
1996,United Way of Forsyth County - NC,100,4
1997,Heart for Lebanon Foundation,100,4
1998,Military Missions in Action,62,1
1999,"Put On The BRAKES,  B.R.A.K.E.S.",81,3
2000,Purple Heart Homes,89,3
2001,Capitol Commission,89,3
2002,MiracleFeet,100,4
2003,North Carolina Opera,81,3
2004,United Way of Cass-Clay,96,4
2005,YWCA Cass Clay,86,3
2006,Northlands Rescue Mission,90,4
2007,Prairie Public Broadcasting,93,4
2008,Ronald McDonald House Charities of the Red River Valley,93,4
2009,North Dakota Museum of Art,77,2
2010,Missouri Slope Areawide United Way,74,2
2011,Friends of Chimbote,89,3
2012,Delta Waterfowl Foundation,89,3
2013,Maltz Museum of Jewish Heritage,81,3
2014,Remember Nhu,93,4
2015,Honor Flight Network,89,3
2016,Flying Horse Farms,96,4
2017,Fugees Family,89,3
2018,Restavek Freedom,97,4
2019,Humane Society of Summit County,96,4
2020,May Dugan Center,92,4
2021,The King Arts Complex,77,2
2022,Circle Health Services,93,4
2023,The Centers for Families and Children,82,3
2024,United Way of Medina County,89,3
2025,FreeStore FoodBank,100,4
2026,"United Way of Warren County, Ohio",89,3
2027,American Civil Liberties Union of Ohio Foundation,96,4
2028,Dayton Contemporary Dance Company,85,3
2029,Evangelistic Outreach Ministries,63,1
2030,Playhouse Square Foundation,82,3
2031,Heartbeat International,89,3
2032,Rescue Village,96,4
2033,SICSA Pet Adoption and Wellness Center,96,4
2034,Love Without Boundaries Foundation,96,4
2035,White Fields,59,1
2036,Oklahoma City Boathouse Foundation,89,3
2037,The Tulsa Symphony Orchestra,77,2
2038,Toby Keith Foundation,96,4
2039,Oklahoma Humane Society,97,4
2040,Oklahoma City Ballet,85,3
2041,Bartlesville Regional United Way,89,3
2042,Special Olympics Oklahoma,88,3
2043,Water4,81,3
2044,National Cowboy and Western Heritage Museum,82,3
2045,Regional Food Bank Foundation,96,4
2046,Tulsa Botanic Garden,89,3
2047,Tulsa Library Trust,78,2
2048,The Oklahoma City Museum of Art,100,4
2049,Oral Roberts Evangelistic Association,67,1
2050,"Boy Scouts of America, Indian Nations Council",81,3
2051,Camp Fire Green Country,89,3
2052,Jewish Federation of Tulsa,85,3
2053,YWCA OKC,96,4
2054,Philbrook Museum of Art,89,3
2055,YWCA Tulsa,89,3
2056,Oklahoma Medical Research Foundation,100,4
2057,Tulsa Area United Way,89,3
2058,United Way of Central Oklahoma,93,4
2059,Urban League of Greater Oklahoma City,89,3
2060,Hope Harbor Children's Home & Family Ministries,70,2
2061,Catholic Charities of the Archdiocese of Oklahoma City,96,4
2062,Tulsa Opera,89,3
2063,Mental Health Association in Tulsa,92,4
2064,Cookson Hills Christian School,100,4
2065,Tulsa Ballet,89,3
2066,United Way of Norman,100,4
2067,Science Museum Oklahoma,97,4
2068,World Neighbors,100,4
2069,"City Rescue Mission, Oklahoma City",100,4
2070,United Way of Ponca City,89,3
2071,Junior Achievement of Oklahoma,93,4
2072,Neighbor For Neighbor,62,1
2073,Crosstown Learning Center,89,3
2074,Allied Arts,100,4
2075,Tulsa Zoo Friends,89,3
2076,"Center for Children and Families, Inc",100,4
2077,World Compassion Terry Law Ministries,81,3
2078,Little Light House,100,4
2079,Street School,100,4
2080,Lyric Theatre,89,3
2081,Reaching Souls International,97,4
2082,Oklahoma Arts Institute,81,3
2083,"Domestic Violence Intervention Services, Inc. (DVIS)",93,4
2084,Restore Hope Ministries,100,4
2085,Emergency Infant Services,100,4
2086,Regional Food Bank of Oklahoma,96,4
2087,Ronald McDonald House Charities of Oklahoma City,100,4
2088,A Chance to Change,89,3
2089,Jesus House,89,3
2090,Make-A-Wish Oklahoma,97,4
2091,Community Food Bank of Eastern Oklahoma,100,4
2092,Adelante Mujeres,70,2
2093,Cat Adoption Team,85,3
2094,Classic Wines Auction,85,3
2095,Health In Harmony,96,4
2096,Oregon Health & Science University Foundation,89,3
2097,SnowCap Community Charities,93,4
2098,BRING Recycling,96,4
2099,Boys & Girls Club of Corvallis,89,3
2100,Holt International Children's Services,100,4
2101,The Oregon Community Foundation,96,4
2102,Chamber Music Northwest,100,4
2103,Oregon Wild,100,4
2104,Child Aid,100,4
2105,Grantmakers for Education,89,3
2106,Mike Silva International,100,4
2107,World Pulse Voices,89,3
2108,Village Missions,96,4
2109,Xerces Society for Invertebrate Conservation,97,4
2110,High Desert Museum,96,4
2111,Stand for Children Leadership Center,96,4
2112,New Buildings Institute,100,4
2113,Camphill Soltane Foundation,59,1
2114,Adult Congenital Heart Association,96,4
2115,Foundation for Individual Rights in Education,97,4
2116,Flashes of Hope,96,4
2117,Bryn Mawr Film Institute,97,4
2118,AIM for Seva,100,4
2119,American Bible Society,92,4
2120,Maccabi USA,100,4
2121,Barnabas Aid,92,4
2122,Heaven's Family,100,4
2123,The Challenge Program Inc.,89,3
2124,Friends of Ofanim,81,3
2125,Broad Street Ministry,92,4
2126,Community Partnership School,93,4
2127,Venture Outdoors,89,3
2128,Jon Bon Jovi Soul Foundation,96,4
2129,Medical Students for Choice,89,3
2130,Visioncorps Foundation,100,4
2131,The Pocket Testament League,89,3
2132,Philadelphia Academies Inc.,96,4
2133,Helping Harvest,100,4
2134,GBS|CIDP Foundation International,100,4
2135,Charcot-Marie-Tooth Association,100,4
2136,Domestic Violence Center of Chester County,86,3
2137,Philadelphia Chamber Music Society,81,3
2138,"Make-A-Wish® Philadelphia, Delaware & Susquehanna Valley",97,4
2139,Foundation of the Jewish Family & Childrens Services of Phila Inc.,100,4
2140,Women's Community Revitalization Project,100,4
2141,Next City,85,3
2142,American Anti-Vivisection Society,97,4
2143,The Committee of Seventy,88,3
2144,United Way of Southern Chester County,96,4
2145,The Academy of Natural Sciences of Drexel University,97,4
2146,Academy of Vocal Arts,92,4
2147,Jewish Family and Children's Service of Greater Philadelphia,100,4
2148,Big Brothers Big Sisters Independence Region,93,4
2149,Boys & Girls Club of Harrisburg,77,2
2150,"Boy Scouts of America, Hawk Mountain Council",85,3
2151,Boy Scouts of America Juniata Valley Council,89,3
2152,"Boy Scouts of America, Cradle of Liberty Council",92,4
2153,United Way of Lancaster County,100,4
2154,United Way of the Capital Region,100,4
2155,Alliance of Confessing Evangelicals,86,3
2156,Gershman Philadelphia Jewish Film Festival,77,2
2157,Pendle Hill,93,4
2158,Pennsylvania SPCA,96,4
2159,The Philadelphia Orchestra,84,3
2160,The Philadelphia Zoo,100,4
2161,VisionCorps,100,4
2162,Planned Parenthood Southeastern Pennsylvania,89,3
2163,Sunday Breakfast Rescue Mission,100,4
2164,Whosoever Gospel Mission,85,3
2165,"United Way of York County, Pennsylvania",100,4
2166,Settlement Music School,96,4
2167,Harrisburg Symphony Orchestra,85,3
2168,United Ukrainian American Relief Committee,62,1
2169,LancasterHistory.org,85,3
2170,Hillel of Greater Philadelphia,85,3
2171,Bucks County SPCA,89,3
2172,Humane Society of Harrisburg Area,85,3
2173,Philadelphia Museum of Art,91,4
2174,Philadelphia Futures,93,4
2175,Library Company of Philadelphia,85,3
2176,The Franklin Institute,89,3
2177,Associated Services for the Blind and Visually Impaired,85,3
2178,Brandywine Valley SPCA,100,4
2179,Woodmere Art Museum,100,4
2180,Humane Pennsylvania,100,4
2181,Bethesda Mission,96,4
2182,Hawk Mountain Sanctuary,96,4
2183,York County SPCA,75,2
2184,United Way of Bucks County,89,3
2185,"Animal Rescue League of Berks County, Inc.",100,4
2186,Montgomery County SPCA,100,4
2187,Liberty USO,78,2
2188,WHYY,97,4
2189,Providence Animal Center,100,4
2190,United Way of Lebanon County,89,3
2191,Jewish Federation of Greater Philadelphia,100,4
2192,Opera Company of Philadelphia,81,3
2193,Eisenhower Fellowships,100,4
2194,Police Athletic League of Philadelphia,97,4
2195,Allentown Art Museum,88,3
2196,United Way of Carlisle & Cumberland County,100,4
2197,United Way of Greater Philadelphia and Southern New Jersey,93,4
2198,Independence Seaport Museum,85,3
2199,WITF,100,4
2200,Pennsylvania Ballet,89,3
2201,Pearl S. Buck International,100,4
2202,InterServe USA,100,4
2203,United Way of Berks County,93,4
2204,WVIA Public Media,96,4
2205,Clean Air Council,89,3
2206,Lehigh Valley Community Foundation,96,4
2207,Little League Baseball,82,3
2208,Pennsylvania Adult & Teen Challenge,89,3
2209,ProJeCt of Easton,100,4
2210,Foreign Policy Research Institute,100,4
2211,Legacy Youth Tennis and Education,89,3
2212,Northeastern Pennsylvania Philharmonic Society,66,1
2213,Greater Philadelphia Cultural Alliance,89,3
2214,The National Centre for Padre Pio,81,3
2215,The African American Museum in Philadelphia,85,3
2216,Boys & Girls Clubs of Philadelphia,85,3
2217,Elmwood Park Zoo,86,3
2218,Juvenile Law Center,100,4
2219,Women's Way,89,3
2220,The Fabric Workshop and Museum,85,3
2221,Newport Art Museum ,100,4
2222,Boys & Girls Club of Pawtucket,89,3
2223,Jewish Alliance of Greater Rhode Island,89,3
2224,Westerly Public Library and Wilcox Park,89,3
2225,Rhode Island Historical Society,88,3
2226,Redwood Library & Athenaeum,89,3
2227,Providence Animal Rescue League,89,3
2228,Providence Public Library,85,3
2229,Newport Historical Society,85,3
2230,Audubon Society of Rhode Island,97,4
2231,Rhode Island Philharmonic Orchestra & Music School,85,3
2232,INSIGHT,100,4
2233,United Way of Rhode Island,100,4
2234,Boys & Girls Clubs of Newport County,85,3
2235,Potter League for Animals,100,4
2236,Save The Bay - Narragansett Bay,100,4
2237,Special Olympics of Rhode Island,77,2
2238,Rhode Island Community Food Bank,97,4
2239,Ronald McDonald House Charities of New England Inc.,96,4
2240,Rhode Island Public Radio,87,3
2241,Providence Rescue Mission,67,1
2242,Blithewold,89,3
2243,Rhode Island Zoological Society,100,4
2244,Gloria Gemma Breast Cancer Resource Foundation,77,2
2245,Plan International USA,100,4
2246,International Tennis Hall of Fame,89,3
2247,Community Preparatory School,85,3
2248,Trinity Repertory Company,96,4
2249,The Haitian Project,81,3
2250,Waterfire Providence,85,3
2251,The College Crusade of Rhode Island,100,4
2252,Naval War College Foundation,96,4
2253,American Leprosy Missions,97,4
2254,Dining for Women,100,4
2255,Metanoia,96,4
2256,Charleston Wine + Food,93,4
2257,Transitions Homeless Recovery Center,100,4
2258,Barrier Islands Free Medical Clinic,85,3
2259,Southeastern Children's Home,96,4
2260,Tara Hall,85,3
2261,Congressional Medal of Honor Foundation,90,4
2262,OneWorld Health,81,3
2263,International Primate Protection League,100,4
2264,Boys and Girls Club of Aberdeen Area,85,3
2265,Dakota Indian Foundation,81,3
2266,National Music Museum,66,1
2267,Friends of South Dakota Public Broadcasting,96,4
2268,Feeding South Dakota,100,4
2269,The CornerStone Rescue Mission,96,4
2270,Crazy Horse Memorial Foundation,93,4
2271,Boy Scouts of America Sioux Council,85,3
2272,YMCA of Sioux Falls,85,3
2273,Sioux Empire United Way,89,3
2274,Sioux Falls Area Humane Society,73,2
2275,United Way of the Black Hills,89,3
2276,Rapid City Club for Boys,85,3
2277,Junior Achievement of South Dakota,86,3
2278,Watertown Community Foundation,92,4
2279,Special Olympics South Dakota,92,4
2280,Make-A-Wish Foundation of South Dakota,90,4
2281,The Banquet,81,3
2282,South Dakota Community Foundation,89,3
2283,Black Hills Area Habitat for Humanity,89,3
2284,Native American Heritage Association,100,4
2285,Sacred Heart Center,86,3
2286,Four Bands Community Fund,89,3
2287,LifeLight Communications,58,1
2288,South Dakota Symphony Orchestra,77,2
2289,Boys & Girls Club of Brookings,92,4
2290,The Luke Society,78,2
2291,New Hope Uganda Ministries,100,4
2292,AMG International,100,4
2293,Presbyterian Lay Committee,78,2
2294,Ducks Unlimited,97,4
2295,The Dawson McAllister Association,70,2
2296,Hands and Feet Project,74,2
2297,Downline Ministries,82,3
2298,Trinity HOPE,96,4
2299,Proclaiming Justice to the Nations,62,1
2300,Soles4Souls,96,4
2301,ArtsBuild,89,3
2302,Big Brothers Big Sisters of Middle Tennessee,89,3
2303,Smoky Mountain Children's Home,100,4
2304,United Way of Blount County,100,4
2305,Memphis Zoo,89,3
2306,Humane Society of Memphis & Shelby County,89,3
2307,Special Olympics Tennessee,90,4
2308,Schoolseed Foundation,85,3
2309,African Leadership,100,4
2310,Show Hope,96,4
2311,Freedom in Christ Ministries,96,4
2312,ALSAC - St. Jude Children's Research Hospital,100,4
2313,Crescent Project,63,1
2314,CBMC,100,4
2315,Sword of the Lord,59,1
2316,Christian Medical & Dental Associations,92,4
2317,Wetlands America Trust,97,4
2318,Justice & Mercy International,89,3
2319,The Next Door,89,3
2320,Nashville Rescue Mission,100,4
2321,Asia Society Texas Center,88,3
2322,Patriot Paws Service Dogs,100,4
2323,Juliette Fowler Properties,93,4
2324,Marathon Kids,100,4
2325,National Math + Science Initiative,93,4
2326,American Heart Association,97,4
2327,Iran Alive Ministries,66,1
2328,e3 Partners Ministries,96,4
2329,Andy Roddick Foundation,89,3
2330,Common Threads,100,4
2331,Soldiers' Angels,97,4
2332,"Sewa International, Inc",100,4
2333,Baitulmaal AHED,100,4
2334,Prison Entrepreneurship Program,96,4
2335,Discovery Green Conservancy,89,3
2336,Texas Muslim Women's Foundation,89,3
2337,Caring for Cambodia,96,4
2338,George W. Bush Presidential Center,89,3
2339,Operation Finally Home,96,4
2340,National Football Foundation,81,3
2341,SMVA Trust,74,2
2342,Texas State Aquarium,96,4
2343,Museum of South Texas History,92,4
2344,Hiway 80 Rescue Mission Ministries,62,1
2345,Christ's Haven for Children,90,4
2346,Meals on Wheels Central Texas,100,4
2347,EvanTell,100,4
2348,Citizens for Animal Protection,100,4
2349,Assistance League of Austin,96,4
2350,"Christian Community Action, Texas",93,4
2351,Wildlands Network,82,3
2352,Clear Horizons Academy,59,1
2353,Best Friends Animal Society,100,4
2354,The Rescue Mission of Salt Lake,93,4
2355,The Christmas Box International,96,4
2356,Four Corners School of Outdoor Education,82,3
2357,Mentors International,100,4
2358,Utah Symphony & Opera,96,4
2359,Ronald McDonald House Charities of the Intermountain Area,97,4
2360,Make-A-Wish Foundation of Utah,97,4
2361,CHOICE Humanitarian,97,4
2362,Charity Vision,92,4
2363,Lifting Generations,77,2
2364,Globus Relief,100,4
2365,Hale Centre Theatre,89,3
2366,This Is The Place Foundation,85,3
2367,U.S. Ski and Snowboard Team Foundation,96,4
2368,HawkWatch International,100,4
2369,Utah Food Bank,100,4
2370,The Road Home,96,4
2371,YWCA Utah,100,4
2372,"Boy Scouts of America, Trapper Trails Council",85,3
2373,Utah Museum of Contemporary Art,100,4
2374,United Way of Northern Utah,93,4
2375,Junior Achievement of Utah,85,3
2376,United Way of Salt Lake,96,4
2377,Humane Society of Utah,100,4
2378,Ballet West,100,4
2379,Planned Parenthood Association of Utah,82,3
2380,Crossroads Urban Center,97,4
2381,Guadalupe School,97,4
2382,Special Olympics Utah,92,4
2383,Lantern House,85,3
2384,Voices for Utah Children,92,4
2385,Food and Care Coalition,77,2
2386,American Indian Services,100,4
2387,Tread Lightly!,70,2
2388,Adopt-A-Native-Elder Program,100,4
2389,Habitat for Humanity of Utah County,96,4
2390,Community Action Services and Food Bank,93,4
2391,Utah Festival Opera & Musical Theatre,81,3
2392,Park City Institute,66,1
2393,Fourth Street Clinic,100,4
2394,Friends of MS Charities,63,1
2395,Christian Center Of Park City,93,4
2396,Utah Sports Commission,85,3
2397,And Justice for All,93,4
2398,The Boys & Girls Clubs of Weber-Davis,62,1
2399,Eye Care for Kids,82,3
2400,Green Mountain Club,89,3
2401,New England Kurn Hattin Homes,100,4
2402,Boys & Girls Club of Burlington,93,4
2403,Shelburne Museum ,74,2
2404,Vermont Historical Society,92,4
2405,Fairbanks Museum & Planetarium,70,2
2406,Bennington Museum,85,3
2407,United Way of Northwest Vermont,92,4
2408,United Way of Addison County,96,4
2409,Planned Parenthood of Northern New England,96,4
2410,Vermont Natural Resources Council,81,3
2411,Yellow Barn,62,1
2412,Shelburne Farms,89,3
2413,Vermont Institute of Natural Science,93,4
2414,Vermont Public Radio,100,4
2415,Flynn Center for the Performing Arts,89,3
2416,Upper Valley Haven,93,4
2417,Preservation Trust of Vermont,81,3
2418,Committee on Temporary Shelter,89,3
2419,ReSOURCE,96,4
2420,ECHO Lake Aquarium and Science Center,89,3
2421,Population Media Center,100,4
2422,Himalayan Cataract Project,100,4
2423,Northern Stage Company,77,2
2424,Coming Clean,89,3
2425,Weston Playhouse Theatre,81,3
2426,Vermont PBS,97,4
2427,Vermont Foodbank,100,4
2428,Northeast Organic Farming Association of Vermont,89,3
2429,King Street Center,85,3
2430,"Friends of Hildene dba Hildene, The Lincoln Family Home",77,2
2431,The BOMA Project,89,3
2432,Russian Arts Foundation,93,4
2433,USO,93,4
2434,Mental Health America,96,4
2435,American Diabetes Association,97,4
2436,United Way Worldwide,100,4
2437,Horatio Alger Association of Distinguished Americans,96,4
2438,Asthma and Allergy Foundation of America,93,4
2439,March of Dimes,97,4
2440,National Council on Aging,100,4
2441,TechnoServe,96,4
2442,American Society of Transplant Surgeons,89,3
2443,National Arts Strategies,89,3
2444,"The ALS Association, National Office",97,4
2445,Galapagos Conservancy,97,4
2446,Interstitial Cystitis Association,93,4
2447,Rainforest Trust,100,4
2448,Equal Justice America,93,4
2449,Food Allergy Research & Education,100,4
2450,American Foundation for the Blind,92,4
2451,"Foundation for Physical Therapy Research,  Inc.",100,4
2452,Church Hill Activities and Tutoring,100,4
2453,Operation First Response,100,4
2454,Spirit of America,96,4
2455,NetHope,93,4
2456,Marine Toys for Tots Foundation,97,4
2457,Thanks USA,96,4
2458,Mercy Chefs,66,1
2459,Hope For The Warriors®,100,4
2460,The Joshua Fund,93,4
2461,Focused Ultrasound Foundation,100,4
2462,USO Foundation,93,4
2463,Colonial Heights Food Pantry,77,2
2464,Marine Corps Scholarship Foundation,100,4
2465,Institute for Global Engagement,100,4
2466,The American Spectator Foundation,69,1
2467,Community Foundation for a Greater Richmond,96,4
2468,Wolf Trap Foundation for the Performing Arts,93,4
2469,Young America's Foundation,89,3
2470,Academy of Fine Arts,74,2
2471,Virginia Museum of Contemporary Art,93,4
2472,Science Museum of Virginia Foundation,89,3
2473,United Way of Greater Richmond & Petersburg,96,4
2474,Bradley Free Clinic of Roanoke Valley,86,3
2475,Rare,100,4
2476,"The Women's Center, Virginia",96,4
2477,Meals On Wheels America,96,4
2478,Christian Alliance for Orphans,100,4
2479,Western Tidewater Free Clinic,89,3
2480,The National GEM Consortium,93,4
2481,Jamestown-Yorktown Foundation,88,3
2482,Montpelier Foundation,93,4
2483,Conquer Cancer Foundation of the American Society of Clinical Oncology,97,4
2484,Cheetah Conservation Fund,100,4
2485,Navy SEAL Foundation,100,4
2486,Prison Fellowship Ministries Foundation,100,4
2487,Coast Guard Mutual Assistance,100,4
2488,GRIST,93,4
2489,visionSynergy,89,3
2490,OneAmerica,89,3
2491,Water 1st International,100,4
2492,Camp Korey,100,4
2493,Jubilee REACH,96,4
2494,Center for Children & Youth Justice,88,3
2495,Malaria No More Fund,92,4
2496,Family Peace Association,48,0
2497,The Henry Art Gallery,85,3
2498,Second Harvest Inland Northwest,100,4
2499,Friends of KSPS,96,4
2500,Intiman Theatre,82,3
2501,Bainbridge Island Museum of Art,77,2
2502,Land Hope Life,100,4
2503,Big Life Foundation USA,96,4
2504,IslandWood,96,4
2505,Music For Life Institute,85,3
2506,Real Escape From the Sex Trade,77,2
2507,Chestnut Mountain Ranch,89,3
2508,CAMC Foundation,84,3
2509,Appalachian Trail Conservancy,97,4
2510,National Humane Education Society,97,4
2511,West Virginia Symphony Orchestra,81,3
2512,"Boy Scouts of America, Buckskin Council",85,3
2513,Huntington Museum of Art,100,4
2514,United Way of Central West Virginia,93,4
2515,United Way of Harrison County,82,3
2516,United Way of Monongalia and Preston Counties,89,3
2517,United Way of Southern West Virginia,85,3
2518,Facing Hunger,96,4
2519,Big Green Scholarship Foundation,81,3
2520,The Clay Center for the Arts & Sciences of West Virginia,96,4
2521,Union Mission,71,2
2522,United Way of the Eastern Panhandle,92,4
2523,Cornucopia Institute Incorporated,100,4
2524,National Archery in the Schools Program,89,3
2525,Radio Milwaukee,96,4
2526,Fidelis Center for Law and Justice,63,1
2527,"The River Food Pantry, Inc",100,4
2528,Ballotpedia,93,4
2529,"United Way of Washington County, WI",89,3
2530,Friends of Wisconsin Public Television,94,4
2531,Wisconsin Public Radio Association,81,3
2532,Coulee Region Humane Society,89,3
2533,Time of Grace Ministry,100,4
2534,9to5 National Association of Working Women,85,3
2535,InterVarsity Christian Fellowship/USA,100,4
2536,Fort Wilderness Ministries,81,3
2537,United Way of Greater Milwaukee & Waukesha County,96,4
2538,YMCA of the Fox Cities,93,4
2539,YMCA of Dane County,96,4
2540,Neighborhood House of Milwaukee,92,4
2541,YWCA of Greater Green Bay,74,2
2542,United Way of Kenosha County,93,4
2543,Boys & Girls Clubs of Greater Milwaukee,81,3
2544,Brown County United Way,96,4
2545,Kids Forward,89,3
2546,Milwaukee Jewish Federation,100,4
2547,Milwaukee Art Museum,97,4
2548,Catholic Charities of the Archdiocese of Milwaukee,100,4
2549,Dane County Humane Society,100,4
2550,COA Youth & Family Centers,100,4
2551,United Way of Racine County,100,4
2552,Bethesda Lutheran Communities,96,4
2553,United Way of Sheboygan County,92,4
2554,Goodwill Industries of Southeastern Wisconsin,100,4
2555,Wisconsin Humane Society,97,4
2556,United Way of Dane County,100,4
2557,Junior Achievement of Wisconsin,96,4
2558,"United Way of Portage County, WI",100,4
2559,Great Rivers United Way,89,3
2560,Planned Parenthood of Wisconsin,82,3
2561,Brain Chemistry Labs,93,4
2562,Grand Teton Music Festival,97,4
2563,Boys & Girls Clubs of Central Wyoming,85,3
2564,National Museum of Wildlife Art,93,4
2565,Buffalo Bill Center of the West,93,4
2566,United Way of Natrona County,93,4
2567,United Way of Laramie County,97,4
2568,Teton Science Schools,92,4
2569,Dancers Workshop,67,1
2570,United Way of Southwest Wyoming,96,4
2571,Jackson Hole Conservation Alliance,81,3
2572,Wyoming Outdoor Council,81,3
2573,Wyoming Community Foundation,89,3
2574,Boys & Girls Club of Cheyenne,89,3
2575,Community Center for the Arts,92,4
2576,Grand Teton National Park Foundation,100,4
